Workbook

Sheet 2009
A1: 2009 | B1: David | C1: Carlos | D1: Laura | E1: Jorge | F1: Sergio | G1: Poli | H1: Nuria | I1: Sara | J1: Dario | K1: Pedro | L1: Inés | M1: Chema | N1: Maite | O1: Abuelos
A2: Tiro con pistola de agua | B2: PLATA | E2: ORO | F2: PLATA
A3: -1 | B3: ORO | C3: BRONCE | E3: PLATA
A4: Fútbol | B4: ORO | C4: PLATA | E4: ORO | F4: PLATA | G4: ORO
A5: Carrera | C5: BRONCE | E5: PLATA | F5: ORO
A6: C. Catán-1 | B6: PLATA | F6: PLATA | G6: BRONCE | L6: ORO
A7: Béisbol | B7: ORO | C7: PLATA | D7: ORO | E7: PLATA | F7: ORO | I7: PLATA
A8: Comba | B8: BRONCE | D8: PLATA | G8: ORO
A9: Frontón | B9: ORO | C9: PLATA | E9: BRONCE
A10: Carrera bicis | B10: PLATA | C10: ORO | G10: BRONCE
A11: Sillas | E11: PLATA | F11: ORO | H11: BRONCE
A12: Tirachinas | E12: BRONCE | F12: ORO | I12: BRONCE
A13: Petanca | C13: BRONCE | D13: PLATA | E13: BRONCE | F13: ORO | H13: PLATA
A14: Natación | B14: ORO | C14: ORO | E14: PLATA | F14: BRONCE
A15: Natación | B15: ORO | C15: PLATA | E15: PLATA | F15: BRONCE
A16: Natación | B16: ORO | C16: PLATA | E16: BRONCE
A17: Natación | B17: ORO | C17: BRONCE
A18: Baloncesto | B18: ORO | C18: PLATA | D18: PLATA | E18: BRONCE | F18: ORO | G18: ORO
A19: C.Catán-2 | B19: PLATA | C19: ORO | F19: PLATA | G19: BRONCE
A20: Dardos | B20: ORO | D20: PLATA | F20: BRONCE
A21: Dardos | B21: PLATA | C21: ORO | E21: BRONCE
A22: Petanca | B22: ORO | F22: BRONCE | H22: PLATA | J22: ORO
A23: Bicis | D23: PLATA | F23: PLATA
A24: Burro | B24: ORO | D24: PLATA | E24: BRONCE
A25: Lanzamiento de disco | D25: BRONCE | E25: PLATA | F25: ORO | H25: ORO | I25: ORO
A26: Cricket | B26: BRONCE | D26: ORO | E26: PLATA
A27: Dardos | B27: BRONCE | E27: ORO | G27: PLATA
A28: Dardos | B28: PLATA | E28: ORO | F28: BRONCE
A29: Burro | B29: PLATA | D29: ORO | F29: BRONCE
A30: Fórmula 1 | I30: ORO
A31: Romp… | D31: ORO | E31: ORO | F31: PLATA | O31: ORO
A32: Pañuelo | C32: PLATA | D32: ORO | E32: ORO | F32: PLATA | G32: ORO | H32: ORO | I32: PLATA | J32: ORO | L32: PLATA
A33: Relevos | B33: ORO | C33: ORO | E33: PLATA | F33: PLATA
A34: C.Catán 3º | B34: PLATA | C34: BRONCE | F34: PLATA | G34: ORO | L34: BRONCE
A35: Cinquillo | C35: PLATA | D35: PLATA | E35: ORO | G35: PLATA | O35: BRONCE
A36: C.Catán 4º | B36: PLATA | C36: ORO | E36: BRONCE
A37: Criquet | B37: PLATA | E37: BRONCE | F37: ORO | I37: BRONCE
A38: Dardos | B38: ORO
A39: Piscina | C39: ORO | D39: ORO | E39: PLATA | F39: ORO
A40: Piscina | C40: ORO | D40: ORO | E40: PLATA | F40: ORO
A41: Piscina | E41: BRONCE
A42: C.Catán 5º | B42: PLATA | D42: BRONCE | E42: BRONCE | G42: BRONCE | L42: BRONCE
A43: C.Catán 6º | B43: PLATA | C43: ORO | F43: PLATA | G43: BRONCE
A44: Lazamiento de disco | B44: PLATA | C44: ORO | F44: BRONCE
A45: Gimncana | B45: ORO | C45: PLATA | D45: BRONCE
A46: Frontón | B46: ORO | C46: BRONCE | D46: PLATA
A47: C.Catán 7º | B47: ORO | C47: PLATA | D47: BRONCE
B48: 8 ORO | C48: 7 ORO | D48: 6 ORO | E48: 5 ORO | F48: 4 ORO | G48: 2 ORO | H48: 2 ORO | I48: 2 ORO | J48: 2 ORO | O48: 1 ORO
B49: 9 PLATA | C49: 4 PLATA | D49: 5 PLATA | E49: 5 PLATA | F49: 6 PLATA | G49: 1 PLATA | H49: 1 PLATA | I49: 1 PLATA | L49: 1 PLATA
B50: 2 BRONCES | C50: 2 BRONCE | D50: 4 BRONCE | E50: 6 BRONCE | F50: 5 BRONCE | G50: 2 BRONCES | I50: 1 BRONCE | L50: 2 BRONCES | O50: 1 BRONCE
A52: TOTAL | B52: 26.75 | C52: 17.5 | D52: 12 | E52: 18.25 | F52: 19.25 | G52: 8 | H52: 3.25 | I52: 3.5 | J52: 2 | L52: 3 | O52: 1.25
A54: POSICIONES | B54: 1º | C54: 4º | D54: 5º | E54: 6º | F54: 7º | G54: 2º | H54: 8º | I54: 9º | J54: 10º | L54: 3º | O54: 11º
B55: David | C55: Carlos | D55: Laura | E55: Poly | F55: Sara | G55: Sergio | H55: Nuria | I55: Inés | J55: Dario | L55: Jorge | O55: Abuelos
B56: 26.75 | C56: 17.5 | D56: 12 | E56: 8 | F56: 3.5 | G56: 19.25 | H56: 3.25 | I56: 3 | J56: 2 | L56: 18.25 | O56: 1.25
A58: CAMPEON | B58: David
A60: Nº de pruebas (Check) | B60: 48
A62: victorias totales | B62: 1 | C62: 0 | D62: 0 | E62: 0 | F62: 0 | G62: 0 | H62: 0 | I62: 0 | J62: 0 | L62: 0 | O62: 0
B65: ORO=1
B66: PLATA=0,5
B67: BRONCE=0,25

Sheet 2010
A1: 2010 | B1: David | C1: Carlos | D1: Laura | E1: Jorge | F1: Sergio | G1: Poli | H1: Nuria | I1: Sara | J1: Dario | K1: Pedro | L1: Inés | M1: Chema | N1: Maite | O1: Abuelos
A2: -1 | B2: PLATA | C2: ORO | D2: v | E2: v | F2: BRONCE | G2: x | H2: x | I2: x | J2: x | K2: x | L2: x | M2: x | N2: x | O2: x
A3: -1 | B3: PLATA | C3: BRONCE | D3: v | E3: ORO | F3: v | G3: v | H3: x | I3: x | J3: x | K3: x | L3: x | M3: x | N3: x | O3: x
A4: Fútbol | B4: ORO | C4: v | D4: ORO | E4: v | F4: ORO | G4: v | H4: x | I4: x | J4: x | K4: x | L4: x | M4: x | N4: x | O4: x
A5: Catán | B5: PLATA | C5: BRONCE | D5: ORO | E5: v | F5: PLATA | G5: ORO | H5: x | I5: x | J5: x | K5: x | L5: v | M5: v | N5: x | O5: x
A6: Catán | B6: v | C6: ORO | D6: v | E6: PLATA | F6: v | G6: v | H6: x | I6: x | J6: x | K6: x | L6: v | M6: PLATA | N6: x | O6: x
A7: Burro | B7: ORO | C7: PLATA | D7: v | E7: BRONCE | F7: v | G7: x | H7: x | I7: x | J7: x | K7: x | L7: x | M7: v | N7: x | O7: x
A8: Dardos | B8: ORO | C8: v | D8: v | E8: v | F8: PLATA | G8: x | H8: v | I8: ORO | J8: ORO | K8: x | L8: x | M8: BRONCE | N8: x | O8: x
A9: Mario Kart | B9: x | C9: PLATA | D9: v | E9: ORO | F9: BRONCE | G9: x | H9: x | I9: x | J9: x | K9: x | L9: x | M9: x | N9: x | O9: x
A10: Búsqueda de cosas | B10: x | C10: PLATA | D10: ORO | E10: PLATA | F10: BRONCE | G10: x | H10: x | I10: x | J10: x | K10: x | L10: x | M10: x | N10: x | O10: x
A11: Carrera | B11: x | C11: PLATA | D11: x | E11: ORO | F11: BRONCE | G11: x | H11: x | I11: x | J11: x | K11: x | L11: x | M11: x | N11: x | O11: x
A12: Sillas | B12: v | C12: v | D12: x | E12: ORO | F12: BRONCE | G12: PLATA | H12: v | I12: v | J12: x | K12: x | L12: x | M12: x | N12: x | O12: x
A13: Pañuelo | B13: v | C13: ORO | D13: v | E13: ORO | F13: v | G13: x | H13: v | I13: ORO | J13: x | K13: x | L13: x | M13: x | N13: x | O13: x
A14: Pañuelo | B14: v | C14: ORO | D14: x | E14: ORO | F14: v | G14: ORO | H14: v | I14: x | J14: x | K14: x | L14: x | M14: x | N14: x | O14: x
A15: Petanca | B15: PLATA | C15: PLATA | D15: ORO | E15: BRONCE | F15: BRONCE | G15: ORO | H15: PLATA | I15: x | J15: ORO | K15: x | L15: x | M15: x | N15: x | O15: x
... A74: Porra partido Holanda-España | B74: v | C74: v | D74: ORO | E74: ORO | F74: ORO | G74: v | H74: v | I74: v | J74: v | K74: x | L74: x | M74: x | N74: x | O74: v
A77: v | B77: {=SUM(IF(B2:B76="v",1))} -> 15 | C77: {=SUM(IF(C2:C76="v",1))} -> 27 | D77: {=SUM(IF(D2:D76="v",1))} -> 27 | E77: {=SUM(IF(E2:E76="v",1))} -> 25 | F77: {=SUM(IF(F2:F76="v",1))} -> 28 | G77: {=SUM(IF(G2:G76="v",1))} -> 12 | H77: {=SUM(IF(H2:H76="v",1))} -> 14 | I77: {=SUM(IF(I2:I76="v",1))} -> 16 | ... O77: {=SUM(IF(O2:O76="v",1))} -> 4
A78: x | B78: {=SUM(IF(B2:B76="x",1))} -> 24 | C78: {=SUM(IF(C2:C76="x",1))} -> 6 | D78: {=SUM(IF(D2:D76="x",1))} -> 16 | E78: {=SUM(IF(E2:E76="x",1))} -> 7 | F78: {=SUM(IF(F2:F76="x",1))} -> 8 | G78: {=SUM(IF(G2:G76="x",1))} -> 38 | H78: {=SUM(IF(H2:H76="x",1))} -> 47 | I78: {=SUM(IF(I2:I76="x",1))} -> 45 | ... O78: {=SUM(IF(O2:O76="x",1))} -> 67
A79: Participaciones | B79: =B77+B80+B81+B82 -> 49 | C79: =C77+C80+C81+C82 -> 67 | D79: =D77+D80+D81+D82 -> 57 | E79: =E77+E80+E81+E82 -> 66 | F79: =F77+F80+F81+F82 -> 65 | G79: =G77+G80+G81+G82 -> 35 | H79: =H77+H80+H81+H82 -> 26 | I79: =I77+I80+I81+I82 -> 28 | ... O79: =O77+O80+O81+O82 -> 6
A80: BRONCE | B80: {=SUM(IF(B$2:B$76=$A80,1))} -> 1 | C80: {=SUM(IF(C$2:C$76=$A80,1))} -> 9 | D80: {=SUM(IF(D$2:D$76=$A80,1))} -> 8 | E80: {=SUM(IF(E$2:E$76=$A80,1))} -> 15 | F80: {=SUM(IF(F$2:F$76=$A80,1))} -> 13 | G80: {=SUM(IF(G$2:G$76=$A80,1))} -> 7 | H80: {=SUM(IF(H$2:H$76=$A80,1))} -> 2 | I80: {=SUM(IF(I$2:I$76=$A80,1))} -> 3 | ... O80: {=SUM(IF(O$2:O$76=$A80,1))} -> 1
A81: PLATA | B81: {=SUM(IF(B$2:B$76=$A81,1))} -> 15 | C81: {=SUM(IF(C$2:C$76=$A81,1))} -> 16 | D81: {=SUM(IF(D$2:D$76=$A81,1))} -> 7 | E81: {=SUM(IF(E$2:E$76=$A81,1))} -> 9 | F81: {=SUM(IF(F$2:F$76=$A81,1))} -> 7 | G81: {=SUM(IF(G$2:G$76=$A81,1))} -> 4 | H81: {=SUM(IF(H$2:H$76=$A81,1))} -> 8 | I81: {=SUM(IF(I$2:I$76=$A81,1))} -> 3 | ... O81: {=SUM(IF(O$2:O$76=$A81,1))} -> 0
A82: ORO | B82: {=SUM(IF(B$2:B$76=$A82,1))} -> 18 | C82: {=SUM(IF(C$2:C$76=$A82,1))} -> 15 | D82: {=SUM(IF(D$2:D$76=$A82,1))} -> 15 | E82: {=SUM(IF(E$2:E$76=$A82,1))} -> 17 | F82: {=SUM(IF(F$2:F$76=$A82,1))} -> 17 | G82: {=SUM(IF(G$2:G$76=$A82,1))} -> 12 | H82: {=SUM(IF(H$2:H$76=$A82,1))} -> 2 | I82: {=SUM(IF(I$2:I$76=$A82,1))} -> 6 | ... O82: {=SUM(IF(O$2:O$76=$A82,1))} -> 1
A83: Puntos | B83: =B80+B81*2+B82*3 -> 85 | C83: =C80+C81*2+C82*3 -> 86 | D83: =D80+D81*2+D82*3 -> 67 | E83: =E80+E81*2+E82*3 -> 84 | F83: =F80+F81*2+F82*3 -> 78 | G83: =G80+G81*2+G82*3 -> 51 | H83: =H80+H81*2+H82*3 -> 24 | I83: =I80+I81*2+I82*3 -> 27 | ... O83: =O80+O81*2+O82*3 -> 4
A84: Promedio | B84: =IF(B77+B80+B81+B82<>0,B83/(B77+B80+B81+B82),0) -> 1.7346939 | C84: =IF(C77+C80+C81+C82<>0,C83/(C77+C80+C81+C82),0) -> 1.2835821 | D84: =IF(D77+D80+D81+D82<>0,D83/(D77+D80+D81+D82),0) -> 1.1754386 | E84: =IF(E77+E80+E81+E82<>0,E83/(E77+E80+E81+E82),0) -> 1.2727273 | F84: =IF(F77+F80+F81+F82<>0,F83/(F77+F80+F81+F82),0) -> 1.2 | G84: =IF(G77+G80+G81+G82<>0,G83/(G77+G80+G81+G82),0) -> 1.4571429 | H84: =IF(H77+H80+H81+H82<>0,H83/(H77+H80+H81+H82),0) -> 0.92307692 | I84: =IF(I77+I80+I81+I82<>0,I83/(I77+I80+I81+I82),0) -> 0.96428571 | ... O84: =IF(O77+O80+O81+O82<>0,O83/(O77+O80+O81+O82),0) -> 0.66666667
A85: Check | B85: =B79+B78 -> 73 | C85: =C79+C78 -> 73 | D85: =D79+D78 -> 73 | E85: =E79+E78 -> 73 | F85: =F79+F78 -> 73 | G85: =G79+G78 -> 73 | H85: =H79+H78 -> 73 | I85: =I79+I78 -> 73 | ... O85: =O79+O78 -> 73
A87: Daypo | B87: =B83+G83+H83+I83 -> 187 | D87: Daypo adultos | E87: =B83+G83 -> 136 | G87: Daypo jóvenes | H87: participaciones | I87: =B79+G79+H79+I79 -> 138 | K87: =B87/I87 -> 1.3550725 | L87: =I83+J83 -> 51 | O87: promedio
A88: Castrillo | B88: =C83+E83+L83+M83 -> 173 | D88: Castrillo adulto | E88: =L83+M83 -> 3 | G88: Castrillo jóvenes | H88: participaciones | I88: =C79+E79+L79+H79 -> 161 | K88: =B88/I88 -> 1.0745342 | L88: =C83+E83+H83 -> 194 | O88: promedio
A89: Arroni Del Riego | B89: =D83+F83+O83+K83 -> 188 | D89: Del Riego adulto | E89: =K83+N83 -> 48 | G89: Del Riego jóvenes | H89: participaciones | I89: =D79+F79+K79+N79 -> 154 | K89: =B89/I89 -> 1.2207792 | L89: =D83+F83 -> 145 | O89: promedio
A91: Jóvenes | B91: =C83+D83+E83+F83+M83+H83+B92 -> 545
A92: Adultos | B92: =B83+G83+L83+J83+O83+K83 -> 203
A94: Campeón | B94: Carlos
A96: Victorias totales | B96: 1 | C96: 1 | D96: 0 | E96: 0 | F96: 0 | G96: 0 | H96: 0 | I96: 0 | J96: 0 | K96: 0 | L96: 0 | M96: 0 | N96: 0 | O96: 0
B101: ORO=3
B102: PLATA=2
B103: BRONCE=1

Sheet 2011
A1: 2011 | B1: David | C1: Carlos | D1: Laura | E1: Jorge | F1: Sergio | G1: Poli | H1: Nuria | I1: Sara | J1: Dario | K1: Pedro | L1: Inés | M1: Chema | N1: Maite | O1: Anuncia | P1: Roberto
A2: Baloncesto | B2: ORO | C2: x | D2: PLATA | E2: x | F2: PLATA | G2: PLATA | H2: x | I2: x | J2: x | K2: x | L2: x | M2: x | N2: x | O2: x | P2: x
A3: Salto | B3: ORO | C3: x | D3: v | E3: x | F3: BRONCE | G3: PLATA | H3: x | I3: PLATA | J3: BRONCE | K3: x | L3: x | M3: x | N3: x | O3: x | P3: x
A4: Cocodrilo | B4: x | C4: x | D4: x | E4: x | F4: ORO | G4: x | H4: x | I4: x | J4: x | K4: x | L4: x | M4: x | N4: x | O4: x | P4: x
A5: Cocodrilo | B5: x | C5: x | D5: x | E5: x | F5: PLATA | G5: x | H5: x | I5: x | J5: x | K5: x | L5: x | M5: x | N5: x | O5: x | P5: x
A6: Catán | B6: ORO | C6: x | D6: PLATA | E6: x | F6: BRONCE | G6: v | H6: x | I6: x | J6: x | K6: x | L6: x | M6: x | N6: x | O6: BRONCE | P6: x
A7: Petanca | B7: ORO | C7: x | D7: v | E7: x | F7: ORO | G7: BRONCE | H7: x | I7: v | J7: BRONCE | K7: x | L7: x | M7: x | N7: x | O7: PLATA | P7: x
A8: Fútbol | B8: v | C8: ORO | D8: v | E8: v | F8: ORO | G8: ORO | H8: x | I8: x | J8: ORO | K8: x | L8: x | M8: x | N8: x | O8: x | P8: x
A9: -1 | B9: ORO | C9: PLATA | D9: v | E9: BRONCE | F9: v | G9: x | H9: x | I9: x | J9: x | K9: x | L9: v | M9: x | N9: x | O9: x | P9: x
A10: Catán | B10: BRONCE | C10: BRONCE | D10: v | E10: BRONCE | F10: PLATA | G10: ORO | H10: x | I10: x | J10: x | K10: x | L10: x | M10: x | N10: x | O10: x | P10: x
A11: Tirar bici | B11: x | C11: ORO | D11: x | E11: BRONCE | F11: PLATA | G11: v | H11: x | I11: x | J11: x | K11: x | L11: x | M11: x | N11: x | O11: x | P11: x
A12: Frontón | B12: ORO | C12: BRONCE | D12: PLATA | E12: ORO | F12: BRONCE | G12: PLATA | H12: x | I12: x | J12: x | K12: x | L12: x | M12: x | N12: x | O12: x | P12: x
A13: Carrera bici infantil | B13: x | C13: x | D13: x | E13: x | F13: x | G13: x | H13: x | I13: ORO | J13: PLATA | K13: x | L13: x | M13: x | N13: x | O13: x | P13: x
A14: Carrera bici adulto | B14: ORO | C14: PLATA | D14: v | E14: v | F14: v | G14: BRONCE | H14: x | I14: x | J14: x | K14: x | L14: x | M14: x | N14: x | O14: x | P14: x
A15: Tirar bici | B15: ORO | C15: PLATA | D15: x | E15: v | F15: BRONCE | G15: x | H15: x | I15: x | J15: x | K15: x | L15: x | M15: x | N15: x | O15: x | P15: x
A16: Apuesta | B16: x | C16: BRONCE | D16: x | E16: x | F16: x | G16: x | H16: x | I16: x | J16: x | K16: x | L16: x | M16: x | N16: x | O16: x | P16: x
A17: Carrera bici | B17: x | C17: v | D17: ORO | E17: BRONCE | F17: PLATA | G17: x | H17: x | I17: x | J17: x | K17: x | L17: x | M17: x | N17: x | O17: x | P17: x
A18: Petanca | B18: PLATA | C18: v | D18: PLATA | E18: v | F18: PLATA | G18: ORO | H18: v | I18: v | J18: PLATA | K18: x | L18: x | M18: x | N18: x | O18: ORO | P18: x
A19: Catán | B19: v | C19: ORO | D19: v | E19: v | F19: BRONCE | G19: PLATA | H19: x | I19: x | J19: x | K19: x | L19: x | M19: x | N19: x | O19: x | P19: x
A20: Gimcana infantil | B20: x | C20: x | D20: x | E20: x | F20: x | G20: x | H20: ORO | I20: PLATA | J20: BRONCE | K20: x | L20: x | M20: x | N20: x | O20: x | P20: x
A21: Gimcana adulto | B21: ORO | C21: v | D21: v | E21: v | F21: PLATA | G21: BRONCE | H21: x | I21: x | J21: x | K21: x | L21: x | M21: x | N21: x | O21: x | P21: x
... A82: Tirar papel higiénico | B82: x | C82: v | D82: v | E82: v | F82: v | G82: x | H82: x | I82: x | J82: x | K82: ORO | L82: x | M82: x | N82: x | O82: x | P82: x
A100: v | B100: {=SUM(IF(B2:B99="v",1))} -> 8 | C100: {=SUM(IF(C2:C99="v",1))} -> 22 | D100: {=SUM(IF(D2:D99="v",1))} -> 25 | E100: {=SUM(IF(E2:E99="v",1))} -> 19 | F100: {=SUM(IF(F2:F99="v",1))} -> 24 | G100: {=SUM(IF(G2:G99="v",1))} -> 7 | H100: {=SUM(IF(H2:H99="v",1))} -> 7 | I100: {=SUM(IF(I2:I99="v",1))} -> 10 | ... P100: {=SUM(IF(P2:P99="v",1))} -> 1
A101: x | B101: {=SUM(IF(B2:B99="x",1))} -> 41 | C101: {=SUM(IF(C2:C99="x",1))} -> 16 | D101: {=SUM(IF(D2:D99="x",1))} -> 20 | E101: {=SUM(IF(E2:E99="x",1))} -> 19 | F101: {=SUM(IF(F2:F99="x",1))} -> 11 | G101: {=SUM(IF(G2:G99="x",1))} -> 53 | H101: {=SUM(IF(H2:H99="x",1))} -> 61 | I101: {=SUM(IF(I2:I99="x",1))} -> 54 | ... P101: {=SUM(IF(P2:P99="x",1))} -> 79
A102: Participaciones | B102: =B100+B103+B104+B105 -> 40 | C102: =C100+C103+C104+C105 -> 65 | D102: =D100+D103+D104+D105 -> 61 | E102: =E100+E103+E104+E105 -> 62 | F102: =F100+F103+F104+F105 -> 70 | G102: =G100+G103+G104+G105 -> 28 | H102: =H100+H103+H104+H105 -> 20 | I102: =I100+I103+I104+I105 -> 27 | ... P102: =P100+P103+P104+P105 -> 2
A103: BRONCE | B103: {=SUM(IF(B$2:B$99=$A103,1))} -> 4 | C103: {=SUM(IF(C$2:C$99=$A103,1))} -> 12 | D103: {=SUM(IF(D$2:D$99=$A103,1))} -> 7 | E103: {=SUM(IF(E$2:E$99=$A103,1))} -> 15 | F103: {=SUM(IF(F$2:F$99=$A103,1))} -> 16 | G103: {=SUM(IF(G$2:G$99=$A103,1))} -> 6 | H103: {=SUM(IF(H$2:H$99=$A103,1))} -> 1 | I103: {=SUM(IF(I$2:I$99=$A103,1))} -> 4 | ... P103: {=SUM(IF(P$2:P$99=$A103,1))} -> 1
A104: PLATA | B104: {=SUM(IF(B$2:B$99=$A104,1))} -> 9 | C104: {=SUM(IF(C$2:C$99=$A104,1))} -> 16 | D104: {=SUM(IF(D$2:D$99=$A104,1))} -> 14 | E104: {=SUM(IF(E$2:E$99=$A104,1))} -> 10 | F104: {=SUM(IF(F$2:F$99=$A104,1))} -> 18 | G104: {=SUM(IF(G$2:G$99=$A104,1))} -> 7 | H104: {=SUM(IF(H$2:H$99=$A104,1))} -> 5 | I104: {=SUM(IF(I$2:I$99=$A104,1))} -> 6 | ... P104: {=SUM(IF(P$2:P$99=$A104,1))} -> 0
A105: ORO | B105: {=SUM(IF(B$2:B$99=$A105,1))} -> 19 | C105: {=SUM(IF(C$2:C$99=$A105,1))} -> 15 | D105: {=SUM(IF(D$2:D$99=$A105,1))} -> 15 | E105: {=SUM(IF(E$2:E$99=$A105,1))} -> 18 | F105: {=SUM(IF(F$2:F$99=$A105,1))} -> 12 | G105: {=SUM(IF(G$2:G$99=$A105,1))} -> 8 | H105: {=SUM(IF(H$2:H$99=$A105,1))} -> 7 | I105: {=SUM(IF(I$2:I$99=$A105,1))} -> 7 | ... P105: {=SUM(IF(P$2:P$99=$A105,1))} -> 0
A106: Puntos | B106: =B103+B104*2+B105*3 -> 79 | C106: =C103+C104*2+C105*3 -> 89 | D106: =D103+D104*2+D105*3 -> 80 | E106: =E103+E104*2+E105*3 -> 89 | F106: =F103+F104*2+F105*3 -> 88 | G106: =G103+G104*2+G105*3 -> 44 | H106: =H103+H104*2+H105*3 -> 32 | I106: =I103+I104*2+I105*3 -> 37 | ... P106: =P103+P104*2+P105*3 -> 1
A107: Promedio | B107: =IF(B100+B103+B104+B105<>0,B106/(B100+B103+B104+B105),0) -> 1.975 | C107: =IF(C100+C103+C104+C105<>0,C106/(C100+C103+C104+C105),0) -> 1.3692308 | D107: =IF(D100+D103+D104+D105<>0,D106/(D100+D103+D104+D105),0) -> 1.3114754 | E107: =IF(E100+E103+E104+E105<>0,E106/(E100+E103+E104+E105),0) -> 1.4354839 | F107: =IF(F100+F103+F104+F105<>0,F106/(F100+F103+F104+F105),0) -> 1.2571429 | G107: =IF(G100+G103+G104+G105<>0,G106/(G100+G103+G104+G105),0) -> 1.5714286 | H107: =IF(H100+H103+H104+H105<>0,H106/(H100+H103+H104+H105),0) -> 1.6 | I107: =IF(I100+I103+I104+I105<>0,I106/(I100+I103+I104+I105),0) -> 1.3703704 | ... P107: =IF(P100+P103+P104+P105<>0,P106/(P100+P103+P104+P105),0) -> 0.5
A108: Check | B108: =B102+B101 -> 81 | C108: =C102+C101 -> 81 | D108: =D102+D101 -> 81 | E108: =E102+E101 -> 81 | F108: =F102+F101 -> 81 | G108: =G102+G101 -> 81 | H108: =H102+H101 -> 81 | I108: =I102+I101 -> 81 | ... P108: =P102+P101 -> 81
A110: Daypo | B110: =B106+G106+I106+J106 -> 189 | D110: Daypo adultos | E110: =B106+G106 -> 123 | G110: Daypo jóvenes | I110: participaciones | J110: =B102+G102+I102+J102 -> 113 | K110: promedio | L110: =I106+J106 -> 66 | N110: =B110/J110 -> 1.6725664
A111: Castrillo | B111: =C106+E106+L106+H106 -> 210 | D111: Castrillo adulto | E111: =L106 -> 0 | G111: Castrillo jóvenes | I111: participaciones | J111: =C102+E102+L102+H102 -> 149 | K111: promedio | L111: =C106+E106+H106 -> 210 | N111: =B111/J111 -> 1.409396
A112: Arroni Del Riego | B112: =D106+F106+K106+N106 -> 192 | D112: Del Riego adulto | E112: =K106+N106 -> 24 | G112: Del Riego jóvenes | I112: participaciones | J112: =D102+F102+K102+N102 -> 149 | K112: promedio | L112: =D106+F106 -> 168 | N112: =B112/J112 -> 1.2885906
A114: Jóvenes | B114: =C106+D106+E106+F106+H106+I106+B115 -> 572
A115: Adultos | B115: =B106+G106+L106+O106+K106+N106+P106 -> 157
A117: Campeón | B117: Carlos y Jorge
A119: Victorias totales | B119: 1 | C119: 2 | D119: 0 | E119: 1 | F119: 0 | G119: 0 | H119: 0 | I119: 0 | J119: 0 | K119: 0 | L119: 0 | N119: 0 | O119: 0 | P119: 0

Sheet 2012
A1: 2012 | B1: David | C1: Carlos | D1: Laura | E1: Jorge | F1: Sergio | G1: Poli | H1: Nuria | I1: Sara | J1: Dario | K1: Pedro | L1: Inés | M1: Chema | N1: Maite | O1: Anuncia | P1: Roberto
A2: Cartas | B2: PLATA | C2: x | D2: x | E2: x | F2: PLATA | G2: ORO | H2: x | I2: v | J2: v | K2: x | L2: x | M2: x | N2: x | O2: v | P2: x
A3: Badminton | B3: PLATA | C3: x | D3: ORO | E3: x | F3: PLATA | G3: ORO | H3: x | I3: x | J3: x | K3: x | L3: x | M3: x | N3: x | O3: x | P3: x
A4: Volley | B4: ORO | C4: x | D4: PLATA | E4: x | F4: ORO | G4: PLATA | H4: x | I4: x | J4: x | K4: x | L4: x | M4: x | N4: x | O4: x | P4: x
A5: Lanzamiento pelota en distancia Jr. | B5: x | C5: x | D5: x | E5: x | F5: x | G5: x | H5: BRONCE | I5: ORO | J5: PLATA | K5: x | L5: x | M5: x | N5: x | O5: x | P5: x
A6: Lanzamiento pelota en distancia Sr. | B6: ORO | C6: v | D6: BRONCE | E6: PLATA | F6: v | G6: x | H6: x | I6: x | J6: x | K6: x | L6: x | M6: x | N6: x | O6: x | P6: x
A7: Canasta en piscina | B7: v | C7: v | D7: v | E7: v | F7: ORO | G7: x | H7: v | I7: PLATA | J7: x | K7: x | L7: x | M7: x | N7: x | O7: x | P7: x
A8: Petanca con pelota de tenis desde balcón | B8: BRONCE | C8: PLATA | D8: v | E8: v | F8: v | G8: x | H8: ORO | I8: v | J8: x | K8: x | L8: x | M8: x | N8: x | O8: x | P8: x
A9: Lanzamiento badminton desde balcón | B9: v | C9: PLATA | D9: BRONCE | E9: ORO | F9: v | G9: x | H9: x | I9: x | J9: x | K9: x | L9: x | M9: x | N9: x | O9: x | P9: x
A10: Mario Kart | B10: x | C10: PLATA | D10: PLATA | E10: ORO | F10: BRONCE | G10: x | H10: x | I10: x | J10: v | K10: x | L10: x | M10: x | N10: x | O10: x | P10: x
A11: Petanca con peloTa de badminton desde balcón | B11: PLATA | C11: BRONCE | D11: v | E11: ORO | F11: v | G11: x | H11: x | I11: x | J11: x | K11: x | L11: x | M11: x | N11: x | O11: x | P11: x
A12: Call of Duty | B12: x | C12: x | D12: PLATA | E12: ORO | F12: BRONCE | G12: x | H12: x | I12: x | J12: x | K12: x | L12: x | M12: x | N12: x | O12: x | P12: x
A13: Resistencia en agua Jr. | B13: x | C13: x | D13: x | E13: x | F13: x | G13: x | H13: ORO | I13: BRONCE | J13: PLATA | K13: x | L13: x | M13: x | N13: x | O13: x | P13: x
... A16: Fútbol | B16: ORO | C16: v | D16: x | E16: ORO | F16: v | G16: v | H16: x | I16: x | J16: x | K16: x | L16: ORO | M16: x | N16: x | O16: x | P16: x
A17: -1 | B17: PLATA | C17: v | D17: x | E17: x | F17: BRONCE | G17: ORO | H17: x | I17: x | J17: x | K17: x | L17: x | M17: x | N17: x | O17: x | P17: x
A18: Carrera en bici | B18: x | C18: PLATA | D18: x | E18: BRONCE | F18: ORO | G18: x | H18: x | I18: x | J18: x | K18: x | L18: x | M18: x | N18: x | O18: x | P18: x
A19: Catán | B19: ORO | C19: PLATA | D19: BRONCE | E19: BRONCE | F19: v | G19: v | H19: x | I19: x | J19: x | K19: x | L19: v | M19: x | N19: x | O19: x | P19: x
A20: Escondite en bici | B20: v | C20: ORO | D20: x | E20: ORO | F20: v | G20: v | H20: x | I20: v | J20: v | K20: x | L20: x | M20: x | N20: x | O20: x | P20: x
A21: Aceleración en bici | B21: PLATA | C21: ORO | D21: x | E21: v | F21: v | G21: x | H21: x | I21: x | J21: BRONCE | K21: x | L21: x | M21: x | N21: x | O21: x | P21: x
A22: English | B22: x | C22: PLATA | D22: v | E22: ORO | F22: BRONCE | G22: x | H22: x | I22: x | J22: x | K22: x | L22: x | M22: x | N22: x | O22: x | P22: x
A23: Baloncesto | B23: ORO | C23: v | D23: x | E23: v | F23: ORO | G23: x | H23: x | I23: x | J23: x | K23: x | L23: x | M23: x | N23: x | O23: x | P23: x
A24: Futbolin | B24: ORO | C24: BRONCE | D24: PLATA | E24: v | F24: v | G24: x | H24: x | I24: x | J24: x | K24: x | L24: x | M24: x | N24: x | O24: x | P24: x
A25: Dardos | B25: ORO | C25: PLATA | D25: x | E25: v | F25: v | G25: BRONCE | H25: x | I25: x | J25: x | K25: x | L25: v | M25: x | N25: x | O25: v | P25: x
A26: Carrera lenta en bici | B26: PLATA | C26: ORO | D26: x | E26: v | F26: v | G26: x | H26: x | I26: x | J26: x | K26: x | L26: x | M26: x | N26: x | O26: x | P26: x
A27: Cartas: El pueblo | B27: ORO | C27: v | D27: v | E27: v | F27: PLATA | G27: PLATA | H27: x | I27: x | J27: x | K27: x | L27: v | M27: x | N27: x | O27: PLATA | P27: x
A28: La Rana | B28: x | C28: v | D28: v | E28: v | F28: ORO | G28: x | H28: v | I28: v | J28: ORO | K28: x | L28: x | M28: x | N28: x | O28: x | P28: x
A29: Buscar bajo agua Jr. Animales | B29: x | C29: x | D29: x | E29: x | F29: x | G29: x | H29: ORO | I29: PLATA | J29: BRONCE | K29: x | L29: x | M29: x | N29: x | O29: x | P29: x
... A77: Volley | B77: ORO | C77: v | D77: v | E77: ORO | F77: v | G77: ORO | H77: x | I77: x | J77: x | K77: v | L77: x | M77: x | N77: ORO | O77: x | P77: x
A100: v | B100: {=SUM(IF(B2:B99="v",1))} -> 6 | C100: {=SUM(IF(C2:C99="v",1))} -> 18 | D100: {=SUM(IF(D2:D99="v",1))} -> 12 | E100: {=SUM(IF(E2:E99="v",1))} -> 22 | F100: {=SUM(IF(F2:F99="v",1))} -> 26 | G100: {=SUM(IF(G2:G99="v",1))} -> 4 | H100: {=SUM(IF(H2:H99="v",1))} -> 3 | I100: {=SUM(IF(I2:I99="v",1))} -> 6 | ... P100: {=SUM(IF(P2:P99="v",1))} -> 0
A101: x | B101: {=SUM(IF(B2:B99="x",1))} -> 36 | C101: {=SUM(IF(C2:C99="x",1))} -> 20 | D101: {=SUM(IF(D2:D99="x",1))} -> 41 | E101: {=SUM(IF(E2:E99="x",1))} -> 19 | F101: {=SUM(IF(F2:F99="x",1))} -> 15 | G101: {=SUM(IF(G2:G99="x",1))} -> 56 | H101: {=SUM(IF(H2:H99="x",1))} -> 56 | I101: {=SUM(IF(I2:I99="x",1))} -> 52 | ... P101: {=SUM(IF(P2:P99="x",1))} -> 76
A102: Participaciones | B102: =B100+B103+B104+B105 -> 40 | C102: =C100+C103+C104+C105 -> 56 | D102: =D100+D103+D104+D105 -> 35 | E102: =E100+E103+E104+E105 -> 57 | F102: =F100+F103+F104+F105 -> 61 | G102: =G100+G103+G104+G105 -> 20 | H102: =H100+H103+H104+H105 -> 20 | I102: =I100+I103+I104+I105 -> 24 | ... P102: =P100+P103+P104+P105 -> 0
A103: BRONCE | B103: {=SUM(IF(B$2:B$99=$A103,1))} -> 2 | C103: {=SUM(IF(C$2:C$99=$A103,1))} -> 8 | D103: {=SUM(IF(D$2:D$99=$A103,1))} -> 7 | E103: {=SUM(IF(E$2:E$99=$A103,1))} -> 12 | F103: {=SUM(IF(F$2:F$99=$A103,1))} -> 12 | G103: {=SUM(IF(G$2:G$99=$A103,1))} -> 5 | H103: {=SUM(IF(H$2:H$99=$A103,1))} -> 6 | I103: {=SUM(IF(I$2:I$99=$A103,1))} -> 2 | ... P103: {=SUM(IF(P$2:P$99=$A103,1))} -> 0
A104: PLATA | B104: {=SUM(IF(B$2:B$99=$A104,1))} -> 12 | C104: {=SUM(IF(C$2:C$99=$A104,1))} -> 18 | D104: {=SUM(IF(D$2:D$99=$A104,1))} -> 10 | E104: {=SUM(IF(E$2:E$99=$A104,1))} -> 8 | F104: {=SUM(IF(F$2:F$99=$A104,1))} -> 8 | G104: {=SUM(IF(G$2:G$99=$A104,1))} -> 4 | H104: {=SUM(IF(H$2:H$99=$A104,1))} -> 5 | I104: {=SUM(IF(I$2:I$99=$A104,1))} -> 9 | ... P104: {=SUM(IF(P$2:P$99=$A104,1))} -> 0
A105: ORO | B105: {=SUM(IF(B$2:B$99=$A105,1))} -> 20 | C105: {=SUM(IF(C$2:C$99=$A105,1))} -> 12 | D105: {=SUM(IF(D$2:D$99=$A105,1))} -> 6 | E105: {=SUM(IF(E$2:E$99=$A105,1))} -> 15 | F105: {=SUM(IF(F$2:F$99=$A105,1))} -> 15 | G105: {=SUM(IF(G$2:G$99=$A105,1))} -> 7 | H105: {=SUM(IF(H$2:H$99=$A105,1))} -> 6 | I105: {=SUM(IF(I$2:I$99=$A105,1))} -> 7 | ... P105: {=SUM(IF(P$2:P$99=$A105,1))} -> 0
A106: Puntos | B106: =B103+B104*2+B105*3 -> 86 | C106: =C103+C104*2+C105*3 -> 80 | D106: =D103+D104*2+D105*3 -> 45 | E106: =E103+E104*2+E105*3 -> 73 | F106: =F103+F104*2+F105*3 -> 73 | G106: =G103+G104*2+G105*3 -> 34 | H106: =H103+H104*2+H105*3 -> 34 | I106: =I103+I104*2+I105*3 -> 41 | ... P106: =P103+P104*2+P105*3 -> 0
A107: Promedio | B107: =IF(B100+B103+B104+B105<>0,B106/(B100+B103+B104+B105),0) -> 2.15 | C107: =IF(C100+C103+C104+C105<>0,C106/(C100+C103+C104+C105),0) -> 1.4285714 | D107: =IF(D100+D103+D104+D105<>0,D106/(D100+D103+D104+D105),0) -> 1.2857143 | E107: =IF(E100+E103+E104+E105<>0,E106/(E100+E103+E104+E105),0) -> 1.2807018 | F107: =IF(F100+F103+F104+F105<>0,F106/(F100+F103+F104+F105),0) -> 1.1967213 | G107: =IF(G100+G103+G104+G105<>0,G106/(G100+G103+G104+G105),0) -> 1.7 | H107: =IF(H100+H103+H104+H105<>0,H106/(H100+H103+H104+H105),0) -> 1.7 | I107: =IF(I100+I103+I104+I105<>0,I106/(I100+I103+I104+I105),0) -> 1.7083333 | ... P107: =IF(P100+P103+P104+P105<>0,P106/(P100+P103+P104+P105),0) -> 0
A108: Check | B108: =B102+B101 -> 76 | C108: =C102+C101 -> 76 | D108: =D102+D101 -> 76 | E108: =E102+E101 -> 76 | F108: =F102+F101 -> 76 | G108: =G102+G101 -> 76 | H108: =H102+H101 -> 76 | I108: =I102+I101 -> 76 | ... P108: =P102+P101 -> 76
A110: Daypo | B110: =B106+G106+I106+J106 -> 188 | D110: Daypo adultos | E110: =B106+G106 -> 120 | G110: Daypo jóvenes | I110: participaciones | J110: =B102+G102+I102+J102 -> 106 | K110: promedio | L110: =I106+J106 -> 68 | N110: =B110/J110 -> 1.7735849
A111: Castrillo | B111: =C106+E106+L106+H106 -> 190 | D111: Castrillo adulto | E111: =L106 -> 3 | G111: Castrillo jóvenes | I111: participaciones | J111: =C102+E102+L102+H102 -> 137 | K111: promedio | L111: =C106+E106+H106 -> 187 | N111: =B111/J111 -> 1.3868613
A112: Arroni Del Riego | B112: =D106+F106+K106+N106 -> 129 | D112: Del Riego adulto | E112: =K106+N106 -> 11 | G112: Del Riego jóvenes | I112: participaciones | J112: =D102+F102+K102+N102 -> 106 | K112: promedio | L112: =D106+F106 -> 118 | N112: =B112/J112 -> 1.2169811
A114: Jóvenes | B114: =C106+D106+E106+F106+H106+I106+B115 -> 485
A115: Adultos | B115: =B106+G106+L106+O106+K106+N106+P106 -> 139
A117: Campeón | B117: David
A119: victorias totales | B119: =SUM(IF($B1=B$117,1))+'2011'!B119 -> 2 | C119: =SUM(IF($C1=B$117,1))+'2011'!C119 -> 2 | D119: =SUM(IF($D1=B$117,1))+'2011'!D119 -> 0 | E119: =SUM(IF($E1=B$117,1))+'2011'!E119 -> 1 | F119: =SUM(IF($F1=B$117,1))+'2011'!F119 -> 0 | G119: =SUM(IF($G1=B$117,1))+'2011'!G119 -> 0 | H119: =SUM(IF($H1=B$117,1))+'2011'!H119 -> 0 | I119: =SUM(IF($I1=B$117,1))+'2011'!I119 -> 0 | J119: =SUM(IF($J1=B$117,1))+'2011'!J119 -> 0 | K119: =SUM(IF($K1=B$117,1))+'2011'!K119 -> 0 | L119: =SUM(IF($L1=B$117,1))+'2011'!L119 -> 0 | N119: =SUM(IF($N1=B$117,1))+'2011'!N119 -> 0 | O119: =SUM(IF($O1=B$117,1))+'2011'!O119 -> 0 | P119: =SUM(IF($P1=B$117,1))+'2011'!P119 -> 0

Sheet 2013
A1: 2013 | B1: David | C1: Carlos | D1: Laura | E1: Jorge | F1: Sergio | G1: Poli | H1: Nuria | I1: Sara | J1: Dario | K1: Pedro | L1: Inés | M1: Chema | N1: Maite | O1: Anuncia | P1: Roberto
A2: Fútbol | B2: ORO | C2: v | D2: x | E2: v | F2: v | G2: v | H2: x | I2: x | J2: x | K2: ORO | L2: x | M2: ORO | N2: x | O2: x | P2: x
A3: Fútbol | B3: ORO | C3: v | D3: x | E3: v | F3: ORO | G3: v | H3: x | I3: x | J3: x | K3: v | L3: x | M3: ORO | N3: x | O3: x | P3: x
A4: Call of Duty | B4: x | C4: v | D4: x | E4: ORO | F4: ORO | G4: x | H4: x | I4: x | J4: x | K4: v | L4: x | M4: x | N4: x | O4: x | P4: x
A5: Futbolín | B5: v | C5: v | D5: x | E5: v | F5: ORO | G5: x | H5: x | I5: x | J5: ORO | K5: ORO | L5: x | M5: x | N5: x | O5: x | P5: x
A6: Frontón | B6: PLATA | C6: PLATA | D6: x | E6: BRONCE | F6: ORO | G6: BRONCE | H6: x | I6: x | J6: x | K6: ORO | L6: x | M6: x | N6: x | O6: x | P6: x
A7: Ajedrez | B7: v | C7: BRONCE | D7: x | E7: v | F7: ORO | G7: x | H7: x | I7: x | J7: v | K7: ORO | L7: x | M7: x | N7: x | O7: x | P7: x
A8: Minecraft | B8: x | C8: PLATA | D8: x | E8: ORO | F8: PLATA | G8: x | H8: x | I8: x | J8: v | K8: ORO | L8: x | M8: x | N8: x | O8: x | P8: x
A9: -1 | B9: x | C9: x | D9: x | E9: x | F9: x | G9: x | H9: x | I9: x | J9: x | K9: PLATA | L9: ORO | M9: x | N9: x | O9: x | P9: x
A10: -1 | B10: x | C10: x | D10: x | E10: x | F10: ORO | G10: x | H10: x | I10: x | J10: x | K10: PLATA | L10: BRONCE | M10: x | N10: x | O10: x | P10: x
A11: Catán | B11: v | C11: PLATA | D11: x | E11: v | F11: ORO | G11: v | H11: v | I11: x | J11: v | K11: PLATA | L11: x | M11: v | N11: x | O11: x | P11: x
A12: Mario Kart | B12: x | C12: PLATA | D12: x | E12: ORO | F12: ORO | G12: x | H12: x | I12: x | J12: PLATA | K12: x | L12: x | M12: x | N12: x | O12: x | P12: x
A13: Aguantar bajo el agua Jr. | B13: x | C13: x | D13: x | E13: x | F13: x | G13: x | H13: PLATA | I13: BRONCE | J13: ORO | K13: x | L13: x | M13: x | N13: x | O13: x | P13: x
A14: Dardos | B14: PLATA | C14: v | D14: x | E14: v | F14: v | G14: x | H14: v | I14: BRONCE | J14: x | K14: ORO | L14: v | M14: x | N14: x | O14: x | P14: x
A15: Petanca | B15: v | C15: ORO | D15: x | E15: PLATA | F15: PLATA | G15: x | H15: v | I15: v | J15: v | K15: x | L15: x | M15: x | N15: x | O15: x | P15: x
A16: Petanca | B16: x | C16: BRONCE | D16: x | E16: BRONCE | F16: BRONCE | G16: x | H16: x | I16: x | J16: x | K16: x | L16: v | M16: PLATA | N16: x | O16: ORO | P16: x
A17: PS2 Formula 1 con volante | B17: BRONCE | C17: ORO | D17: x | E17: PLATA | F17: v | G17: x | H17: x | I17: x | J17: x | K17: x | L17: x | M17: x | N17: x | O17: x | P17: x
A18: Call of Duty | B18: PLATA | C18: BRONCE | D18: x | E18: PLATA | F18: ORO | G18: x | H18: x | I18: x | J18: x | K18: x | L18: x | M18: x | N18: x | O18: x | P18: x
A19: -1 | B19: PLATA | C19: BRONCE | D19: x | E19: ORO | F19: BRONCE | G19: v | H19: x | I19: x | J19: x | K19: x | L19: x | M19: x | N19: x | O19: x | P19: x
A20: Baloncesto | B20: ORO | C20: v | D20: x | E20: v | F20: ORO | G20: v | H20: x | I20: x | J20: x | K20: x | L20: x | M20: x | N20: x | O20: x | P20: x
A21: Lanzamiento avión de papel | B21: BRONCE | C21: v | D21: x | E21: PLATA | F21: ORO | G21: x | H21: x | I21: x | J21: BRONCE | K21: x | L21: x | M21: x | N21: x | O21: v | P21: x
A22: Lanzamiento de pelota a piscina | B22: ORO | C22: v | D22: x | E22: v | F22: v | G22: x | H22: x | I22: x | J22: v | K22: x | L22: x | M22: x | N22: x | O22: v | P22: x
A23: Lanzamiento de pelota en distancia | B23: ORO | C23: v | D23: x | E23: BRONCE | F23: PLATA | G23: x | H23: x | I23: x | J23: v | K23: x | L23: x | M23: x | N23: x | O23: v | P23: x
A24: Proximidad bádminton | B24: PLATA | C24: PLATA | D24: x | E24: v | F24: ORO | G24: x | H24: x | I24: v | J24: v | K24: x | L24: x | M24: x | N24: x | O24: x | P24: x
A25: Lanzamiento de bádminton | B25: ORO | C25: PLATA | D25: x | E25: BRONCE | F25: v | G25: x | H25: x | I25: v | J25: v | K25: x | L25: x | M25: x | N25: x | O25: x | P25: x
A26: Toques bádminton | B26: v | C26: PLATA | D26: x | E26: v | F26: BRONCE | G26: ORO | H26: v | I26: x | J26: x | K26: x | L26: x | M26: x | N26: x | O26: x | P26: x
A27: Catán | B27: BRONCE | C27: v | D27: x | E27: v | F27: PLATA | G27: x | H27: v | I27: v | J27: x | K27: x | L27: x | M27: ORO | N27: x | O27: x | P27: x
A28: BICI El que más lejos llegue | B28: ORO | C28: PLATA | D28: x | E28: PLATA | F28: BRONCE | G28: x | H28: x | I28: PLATA | J28: v | K28: x | L28: x | M28: x | N28: x | O28: x | P28: x
A29: BICI Aceleración | B29: PLATA | C29: ORO | D29: x | E29: BRONCE | F29: v | G29: x | H29: x | I29: v | J29: v | K29: x | L29: x | M29: x | N29: x | O29: x | P29: x
A30: BICI Escondite | B30: BRONCE | C30: ORO | D30: x | E30: PLATA | F30: PLATA | G30: x | H30: BRONCE | I30: ORO | J30: BRONCE | K30: x | L30: x | M30: x | N30: x | O30: x | P30: x
A31: Criquet | B31: ORO | C31: PLATA | D31: x | E31: BRONCE | F31: v | G31: x | H31: v | I31: x | J31: v | K31: x | L31: x | M31: x | N31: x | O31: x | P31: x
... A48: Call of Duty | B48: PLATA | C48: PLATA | D48: x | E48: ORO | F48: PLATA | G48: x | H48: x | I48: x | J48: x | K48: x | L48: x | M48: x | N48: x | O48: x | P48: x
A100: v | B100: {=SUM(IF(B2:B99="v",1))} -> 10 | C100: {=SUM(IF(C2:C99="v",1))} -> 13 | D100: {=SUM(IF(D2:D99="v",1))} -> 0 | E100: {=SUM(IF(E2:E99="v",1))} -> 19 | F100: {=SUM(IF(F2:F99="v",1))} -> 13 | G100: {=SUM(IF(G2:G99="v",1))} -> 8 | H100: {=SUM(IF(H2:H99="v",1))} -> 15 | I100: {=SUM(IF(I2:I99="v",1))} -> 15 | ... P100: {=SUM(IF(P2:P99="v",1))} -> 0
A101: x | B101: {=SUM(IF(B2:B99="x",1))} -> 8 | C101: {=SUM(IF(C2:C99="x",1))} -> 4 | D101: {=SUM(IF(D2:D99="x",1))} -> 45 | E101: {=SUM(IF(E2:E99="x",1))} -> 3 | F101: {=SUM(IF(F2:F99="x",1))} -> 2 | G101: {=SUM(IF(G2:G99="x",1))} -> 35 | H101: {=SUM(IF(H2:H99="x",1))} -> 26 | I101: {=SUM(IF(I2:I99="x",1))} -> 25 | ... P101: {=SUM(IF(P2:P99="x",1))} -> 47
A102: Participaciones | B102: =B100+B103+B104+B105 -> 39 | C102: =C100+C103+C104+C105 -> 43 | D102: =D100+D103+D104+D105 -> 2 | E102: =E100+E103+E104+E105 -> 44 | F102: =F100+F103+F104+F105 -> 45 | G102: =G100+G103+G104+G105 -> 12 | H102: =H100+H103+H104+H105 -> 21 | I102: =I100+I103+I104+I105 -> 22 | ... P102: =P100+P103+P104+P105 -> 0
A103: BRONCE | B103: {=SUM(IF(B$2:B$99=$A103,1))} -> 5 | C103: {=SUM(IF(C$2:C$99=$A103,1))} -> 7 | D103: {=SUM(IF(D$2:D$99=$A103,1))} -> 1 | E103: {=SUM(IF(E$2:E$99=$A103,1))} -> 8 | F103: {=SUM(IF(F$2:F$99=$A103,1))} -> 6 | G103: {=SUM(IF(G$2:G$99=$A103,1))} -> 1 | H103: {=SUM(IF(H$2:H$99=$A103,1))} -> 1 | I103: {=SUM(IF(I$2:I$99=$A103,1))} -> 2 | ... P103: {=SUM(IF(P$2:P$99=$A103,1))} -> 0
A104: PLATA | B104: {=SUM(IF(B$2:B$99=$A104,1))} -> 10 | C104: {=SUM(IF(C$2:C$99=$A104,1))} -> 15 | D104: {=SUM(IF(D$2:D$99=$A104,1))} -> 1 | E104: {=SUM(IF(E$2:E$99=$A104,1))} -> 7 | F104: {=SUM(IF(F$2:F$99=$A104,1))} -> 13 | G104: {=SUM(IF(G$2:G$99=$A104,1))} -> 1 | H104: {=SUM(IF(H$2:H$99=$A104,1))} -> 3 | I104: {=SUM(IF(I$2:I$99=$A104,1))} -> 1 | ... P104: {=SUM(IF(P$2:P$99=$A104,1))} -> 0
A105: ORO | B105: {=SUM(IF(B$2:B$99=$A105,1))} -> 14 | C105: {=SUM(IF(C$2:C$99=$A105,1))} -> 8 | D105: {=SUM(IF(D$2:D$99=$A105,1))} -> 0 | E105: {=SUM(IF(E$2:E$99=$A105,1))} -> 10 | F105: {=SUM(IF(F$2:F$99=$A105,1))} -> 13 | G105: {=SUM(IF(G$2:G$99=$A105,1))} -> 2 | H105: {=SUM(IF(H$2:H$99=$A105,1))} -> 2 | I105: {=SUM(IF(I$2:I$99=$A105,1))} -> 4 | ... P105: {=SUM(IF(P$2:P$99=$A105,1))} -> 0
A106: Puntos | B106: =B103+B104*2+B105*3 -> 67 | C106: =C103+C104*2+C105*3 -> 61 | D106: =D103+D104*2+D105*3 -> 3 | E106: =E103+E104*2+E105*3 -> 52 | F106: =F103+F104*2+F105*3 -> 71 | G106: =G103+G104*2+G105*3 -> 9 | H106: =H103+H104*2+H105*3 -> 13 | I106: =I103+I104*2+I105*3 -> 16 | ... P106: =P103+P104*2+P105*3 -> 0
A107: Promedio | B107: =IF(B100+B103+B104+B105<>0,B106/(B100+B103+B104+B105),0) -> 1.7179487 | C107: =IF(C100+C103+C104+C105<>0,C106/(C100+C103+C104+C105),0) -> 1.4186047 | D107: =IF(D100+D103+D104+D105<>0,D106/(D100+D103+D104+D105),0) -> 1.5 | E107: =IF(E100+E103+E104+E105<>0,E106/(E100+E103+E104+E105),0) -> 1.1818182 | F107: =IF(F100+F103+F104+F105<>0,F106/(F100+F103+F104+F105),0) -> 1.5777778 | G107: =IF(G100+G103+G104+G105<>0,G106/(G100+G103+G104+G105),0) -> 0.75 | H107: =IF(H100+H103+H104+H105<>0,H106/(H100+H103+H104+H105),0) -> 0.61904762 | I107: =IF(I100+I103+I104+I105<>0,I106/(I100+I103+I104+I105),0) -> 0.72727273 | ... P107: =IF(P100+P103+P104+P105<>0,P106/(P100+P103+P104+P105),0) -> 0
A108: Check | B108: =B102+B101 -> 47 | C108: =C102+C101 -> 47 | D108: =D102+D101 -> 47 | E108: =E102+E101 -> 47 | F108: =F102+F101 -> 47 | G108: =G102+G101 -> 47 | H108: =H102+H101 -> 47 | I108: =I102+I101 -> 47 | ... P108: =P102+P101 -> 47
A110: Daypo | B110: =B106+G106+I106+J106 -> 107 | D110: Daypo adultos | E110: =B106+G106 -> 76 | G110: Daypo jóvenes | I110: participaciones | J110: =B102+G102+I102+J102 -> 102 | K110: promedio | L110: =I106+J106 -> 31 | N110: =B110/J110 -> 1.0490196
A111: Castrillo | B111: =C106+E106+L106+H106+M102 -> 142 | D111: Castrillo adulto | E111: =L106+M106 -> 25 | G111: Castrillo jóvenes | I111: participaciones | J111: =C102+E102+L102+H102+P102 -> 116 | K111: promedio | L111: =C106+E106+H106 -> 126 | N111: =B111/J111 -> 1.2241379
A112: Arroni Del Riego | B112: =D106+F106+K106+N106 -> 98 | D112: Del Riego adulto | E112: =K106+N106 -> 24 | G112: Del Riego jóvenes | I112: participaciones | J112: =D102+F102+K102+N102 -> 58 | K112: promedio | L112: =D106+F106 -> 74 | N112: =B112/J112 -> 1.6896552
A114: Jóvenes | B114: =C106+D106+E106+F106+H106+I106+B115 -> 325
A115: Adultos | B115: =B106+G106+L106+O106+K106+N106+P106 -> 109
A117: Campeón | B117: Sergio
A119: victorias totales | B119: =SUM(IF($B1=B$117,1))+'2012'!B119 -> 2 | C119: =SUM(IF($C1=B$117,1))+'2012'!C119 -> 2 | D119: =SUM(IF($D1=B$117,1))+'2012'!D119 -> 0 | E119: =SUM(IF($E1=B$117,1))+'2012'!E119 -> 1 | F119: =SUM(IF($F1=B$117,1))+'2012'!F119 -> 1 | G119: =SUM(IF($G1=B$117,1))+'2012'!G119 -> 0 | H119: =SUM(IF($H1=B$117,1))+'2012'!H119 -> 0 | I119: =SUM(IF($I1=B$117,1))+'2012'!I119 -> 0 | J119: =SUM(IF($J1=B$117,1))+'2012'!J119 -> 0 | K119: =SUM(IF($K1=B$117,1))+'2012'!K119 -> 0 | L119: =SUM(IF($L1=B$117,1))+'2012'!L119 -> 0 | N119: =SUM(IF($N1=B$117,1))+'2012'!N119 -> 0 | O119: =SUM(IF($O1=B$117,1))+'2012'!O119 -> 0 | P119: =SUM(IF($P1=B$117,1))+'2012'!P119 -> 0

Sheet 2014
A1: 2014 | B1: David | C1: Carlos | D1: Laura | E1: Jorge | F1: Sergio | G1: Poli | H1: Nuria | I1: Sara | J1: Dario | K1: Pedro | L1: Inés | M1: Chema | N1: Maite | O1: Anuncia | P1: Roberto
A2: Fútbol | B2: PLATA | C2: ORO | D2: x | E2: ORO | F2: ORO | G2: PLATA | H2: x | I2: x | J2: x | K2: x | L2: x | M2: x | N2: x | O2: x | P2: x
A3: Baloncesto | B3: ORO | C3: x | D3: PLATA | E3: x | F3: ORO | G3: PLATA | H3: x | I3: ORO | J3: x | K3: PLATA | L3: x | M3: x | N3: x | O3: x | P3: x
A4: Frontón | B4: x | C4: x | D4: x | E4: x | F4: ORO | G4: x | H4: x | I4: x | J4: x | K4: PLATA | L4: x | M4: x | N4: x | O4: x | P4: x
A5: COD | B5: PLATA | C5: x | D5: x | E5: x | F5: ORO | G5: x | H5: x | I5: x | J5: PLATA | K5: ORO | L5: x | M5: x | N5: x | O5: x | P5: x
A6: Cartas | B6: ORO | C6: x | D6: BRONCE | E6: x | F6: PLATA | G6: x | H6: x | I6: v | J6: v | K6: x | L6: x | M6: x | N6: x | O6: x | P6: x
A7: pueblo | B7: ORO | C7: x | D7: v | E7: x | F7: PLATA | G7: x | H7: x | I7: v | J7: BRONCE | K7: x | L7: x | M7: x | N7: x | O7: v | P7: x
A8: 7ymedio | B8: v | C8: x | D8: ORO | E8: x | F8: PLATA | G8: x | H8: x | I8: v | J8: BRONCE | K8: x | L8: x | M8: x | N8: x | O8: v | P8: x
A9: guiñar ojo | B9: v | C9: x | D9: PLATA | E9: x | F9: PLATA | G9: x | H9: x | I9: PLATA | J9: ORO | K9: x | L9: x | M9: x | N9: x | O9: v | P9: x
A10: poker | B10: v | C10: BRONCE | D10: PLATA | E10: v | F10: ORO | G10: x | H10: x | I10: x | J10: x | K10: x | L10: x | M10: x | N10: x | O10: x | P10: x
A11: catán | B11: ORO | C11: PLATA | D11: v | E11: BRONCE | F11: v | G11: ORO | H11: v | I11: v | J11: ORO | K11: x | L11: v | M11: x | N11: x | O11: x | P11: x
A12: lanzar avión | B12: BRONCE | C12: v | D12: v | E12: PLATA | F12: v | G12: x | H12: v | I12: v | J12: BRONCE | K12: x | L12: ORO | M12: v | N12: x | O12: x | P12: x
A13: lanzar pelota | B13: ORO | C13: v | D13: v | E13: v | F13: BRONCE | G13: v | H13: v | I13: v | J13: v | K13: x | L13: v | M13: PLATA | N13: x | O13: x | P13: x
... A19: Fútbol | B19: PLATA | C19: ORO | D19: x | E19: ORO | F19: PLATA | G19: x | H19: x | I19: ORO | J19: x | K19: x | L19: x | M19: x | N19: x | O19: x | P19: x
A20: -1 | B20: ORO | C20: v | D20: BRONCE | E20: PLATA | F20: v | G20: x | H20: x | I20: x | J20: x | K20: x | L20: x | M20: x | N20: x | O20: x | P20: x
A21: burro | B21: ORO | C21: v | D21: PLATA | E21: BRONCE | F21: v | G21: x | H21: x | I21: x | J21: v | K21: x | L21: x | M21: x | N21: x | O21: x | P21: x
A22: trenes | B22: ORO | C22: v | D22: BRONCE | E22: PLATA | F22: v | G22: ORO | H22: BRONCE | I22: PLATA | J22: ORO | K22: x | L22: x | M22: x | N22: x | O22: x | P22: x
A23: ajedrez | B23: PLATA | C23: PLATA | D23: x | E23: BRONCE | F23: ORO | G23: x | H23: v | I23: x | J23: x | K23: x | L23: x | M23: x | N23: x | O23: x | P23: x
A24: ps2 fifa | B24: ORO | C24: PLATA | D24: ORO | E24: PLATA | F24: ORO | G24: x | H24: x | I24: x | J24: PLATA | K24: x | L24: x | M24: x | N24: x | O24: x | P24: x
A25: quema | B25: ORO | C25: PLATA | D25: ORO | E25: ORO | F25: ORO | G25: PLATA | H25: PLATA | I25: ORO | J25: PLATA | K25: x | L25: x | M25: x | N25: x | O25: x | P25: x
A26: monstruos cartas | B26: x | C26: PLATA | D26: ORO | E26: v | F26: v | G26: x | H26: v | I26: PLATA | J26: x | K26: x | L26: x | M26: x | N26: x | O26: x | P26: x
A27: pañuelo | B27: PLATA | C27: ORO | D27: PLATA | E27: ORO | F27: PLATA | G27: x | H27: PLATA | I27: ORO | J27: x | K27: x | L27: x | M27: x | N27: x | O27: x | P27: x
A28: sillas | B28: x | C28: v | D28: x | E28: PLATA | F28: ORO | G28: x | H28: BRONCE | I28: v | J28: v | K28: x | L28: x | M28: x | N28: x | O28: x | P28: x
A29: petanca | B29: PLATA | C29: BRONCE | D29: ORO | E29: PLATA | F29: BRONCE | G29: PLATA | H29: ORO | I29: BRONCE | J29: PLATA | K29: x | L29: BRONCE | M29: BRONCE | N29: x | O29: x | P29: x
A30: ladron y policia | B30: v | C30: v | D30: ORO | E30: v | F30: v | G30: x | H30: ORO | I30: v | J30: v | K30: x | L30: x | M30: x | N30: x | O30: x | P30: x
A31: dixit | B31: v | C31: PLATA | D31: PLATA | E31: v | F31: v | G31: x | H31: ORO | I31: x | J31: v | K31: x | L31: x | M31: x | N31: x | O31: x | P31: x
A32: catán | B32: v | C32: v | D32: PLATA | E32: ORO | F32: v | G32: v | H32: PLATA | I32: v | J32: x | K32: x | L32: PLATA | M32: x | N32: x | O32: x | P32: x
... A45: trenes | B45: PLATA | C45: ORO | D45: v | E45: BRONCE | F45: v | G45: PLATA | H45: v | I45: BRONCE | J45: PLATA | K45: x | L45: x | M45: x | N45: x | O45: x | P45: x
A100: v | B100: {=SUM(IF(B2:B99="v",1))} -> 10 | C100: {=SUM(IF(C2:C99="v",1))} -> 14 | D100: {=SUM(IF(D2:D99="v",1))} -> 10 | E100: {=SUM(IF(E2:E99="v",1))} -> 11 | F100: {=SUM(IF(F2:F99="v",1))} -> 22 | G100: {=SUM(IF(G2:G99="v",1))} -> 5 | H100: {=SUM(IF(H2:H99="v",1))} -> 13 | I100: {=SUM(IF(I2:I99="v",1))} -> 18 | ... P100: {=SUM(IF(P2:P99="v",1))} -> 1
A101: x | B101: {=SUM(IF(B2:B99="x",1))} -> 7 | C101: {=SUM(IF(C2:C99="x",1))} -> 13 | D101: {=SUM(IF(D2:D99="x",1))} -> 10 | E101: {=SUM(IF(E2:E99="x",1))} -> 10 | F101: {=SUM(IF(F2:F99="x",1))} -> 3 | G101: {=SUM(IF(G2:G99="x",1))} -> 29 | H101: {=SUM(IF(H2:H99="x",1))} -> 17 | I101: {=SUM(IF(I2:I99="x",1))} -> 11 | ... P101: {=SUM(IF(P2:P99="x",1))} -> 43
A102: Participaciones | B102: =B100+B103+B104+B105 -> 37 | C102: =C100+C103+C104+C105 -> 31 | D102: =D100+D103+D104+D105 -> 34 | E102: =E100+E103+E104+E105 -> 34 | F102: =F100+F103+F104+F105 -> 41 | G102: =G100+G103+G104+G105 -> 15 | H102: =H100+H103+H104+H105 -> 27 | I102: =I100+I103+I104+I105 -> 33 | ... P102: =P100+P103+P104+P105 -> 1
A103: BRONCE | B103: {=SUM(IF(B$2:B$99=$A103,1))} -> 2 | C103: {=SUM(IF(C$2:C$99=$A103,1))} -> 4 | D103: {=SUM(IF(D$2:D$99=$A103,1))} -> 4 | E103: {=SUM(IF(E$2:E$99=$A103,1))} -> 7 | F103: {=SUM(IF(F$2:F$99=$A103,1))} -> 3 | G103: {=SUM(IF(G$2:G$99=$A103,1))} -> 1 | H103: {=SUM(IF(H$2:H$99=$A103,1))} -> 3 | I103: {=SUM(IF(I$2:I$99=$A103,1))} -> 3 | ... P103: {=SUM(IF(P$2:P$99=$A103,1))} -> 0
A104: PLATA | B104: {=SUM(IF(B$2:B$99=$A104,1))} -> 7 | C104: {=SUM(IF(C$2:C$99=$A104,1))} -> 7 | D104: {=SUM(IF(D$2:D$99=$A104,1))} -> 8 | E104: {=SUM(IF(E$2:E$99=$A104,1))} -> 7 | F104: {=SUM(IF(F$2:F$99=$A104,1))} -> 7 | G104: {=SUM(IF(G$2:G$99=$A104,1))} -> 6 | H104: {=SUM(IF(H$2:H$99=$A104,1))} -> 4 | I104: {=SUM(IF(I$2:I$99=$A104,1))} -> 5 | ... P104: {=SUM(IF(P$2:P$99=$A104,1))} -> 0
A105: ORO | B105: {=SUM(IF(B$2:B$99=$A105,1))} -> 18 | C105: {=SUM(IF(C$2:C$99=$A105,1))} -> 6 | D105: {=SUM(IF(D$2:D$99=$A105,1))} -> 12 | E105: {=SUM(IF(E$2:E$99=$A105,1))} -> 9 | F105: {=SUM(IF(F$2:F$99=$A105,1))} -> 9 | G105: {=SUM(IF(G$2:G$99=$A105,1))} -> 3 | H105: {=SUM(IF(H$2:H$99=$A105,1))} -> 7 | I105: {=SUM(IF(I$2:I$99=$A105,1))} -> 7 | ... P105: {=SUM(IF(P$2:P$99=$A105,1))} -> 0
A106: Puntos | B106: =B103+B104*2+B105*3 -> 70 | C106: =C103+C104*2+C105*3 -> 36 | D106: =D103+D104*2+D105*3 -> 56 | E106: =E103+E104*2+E105*3 -> 48 | F106: =F103+F104*2+F105*3 -> 44 | G106: =G103+G104*2+G105*3 -> 22 | H106: =H103+H104*2+H105*3 -> 32 | I106: =I103+I104*2+I105*3 -> 34 | ... P106: =P103+P104*2+P105*3 -> 0
A107: Promedio | B107: =IF(B100+B103+B104+B105<>0,B106/(B100+B103+B104+B105),0) -> 1.8918919 | C107: =IF(C100+C103+C104+C105<>0,C106/(C100+C103+C104+C105),0) -> 1.1612903 | D107: =IF(D100+D103+D104+D105<>0,D106/(D100+D103+D104+D105),0) -> 1.6470588 | E107: =IF(E100+E103+E104+E105<>0,E106/(E100+E103+E104+E105),0) -> 1.4117647 | F107: =IF(F100+F103+F104+F105<>0,F106/(F100+F103+F104+F105),0) -> 1.0731707 | G107: =IF(G100+G103+G104+G105<>0,G106/(G100+G103+G104+G105),0) -> 1.4666667 | H107: =IF(H100+H103+H104+H105<>0,H106/(H100+H103+H104+H105),0) -> 1.1851852 | I107: =IF(I100+I103+I104+I105<>0,I106/(I100+I103+I104+I105),0) -> 1.030303 | ... P107: =IF(P100+P103+P104+P105<>0,P106/(P100+P103+P104+P105),0) -> 0
A108: Check | B108: =B102+B101 -> 44 | C108: =C102+C101 -> 44 | D108: =D102+D101 -> 44 | E108: =E102+E101 -> 44 | F108: =F102+F101 -> 44 | G108: =G102+G101 -> 44 | H108: =H102+H101 -> 44 | I108: =I102+I101 -> 44 | ... P108: =P102+P101 -> 44
A110: Daypo | B110: =B106+G106+J106+I106 -> 153 | D110: Daypo adultos | E110: =B106+G106 -> 92 | G110: Daypo jóvenes | H110: =I106+J106 -> 61 | J110: participaciones | K110: =B102+G102+I102+J102 -> 115 | M110: promedio | N110: =B110/K110 -> 1.3304348
A111: Castrillo | B111: =C106+E106+H106+L106+M106 -> 134 | D111: Castrillo adulto | E111: =M106+L106 -> 18 | G111: Castrillo jóvenes | H111: =C106+E106+H106 -> 116 | J111: participaciones | K111: =C102+E102+H102+L102+M102 -> 111 | M111: promedio | N111: =B111/K111 -> 1.2072072
A112: Arroni Del Riego | B112: =D106+F106+K106+N106 -> 107 | D112: Del Riego adulto | E112: =K106+N106 -> 7 | G112: Del Riego jóvenes | H112: =D106+F106 -> 100 | J112: participaciones | K112: =D102+F102+K102+N102 -> 78 | M112: promedio | N112: =B112/K112 -> 1.3717949
A114: Jóvenes | B114: =H110+H111+H112 -> 277
A115: Adultos | B115: =E110+E111+E112 -> 117
A117: Adultos | B117: David, Inés, Pedro, Poli, Chema, Maite
A118: Jovenes | B118: los demás menos: Anuncia, Roberto
A120: Campeón | B120: David
A122: TOTAL | O122: abuelos
A123: puntos | B123: =B106+'2013'!B106+'2012'!B106+'2011'!B106+'2010'!B83+'2009'!B52 -> 413.75 | C123: =C106+'2013'!C106+'2012'!C106+'2011'!C106+'2010'!C83+'2009'!C52 -> 369.5 | D123: =D106+'2013'!D106+'2012'!D106+'2011'!D106+'2010'!D83+'2009'!D52 -> 263 | E123: =E106+'2013'!E106+'2012'!E106+'2011'!E106+'2010'!E83+'2009'!E52 -> 364.25 | F123: =F106+'2013'!F106+'2012'!F106+'2011'!F106+'2010'!F83+'2009'!F52 -> 373.25 | G123: =G106+'2013'!G106+'2012'!G106+'2011'!G106+'2010'!G83+'2009'!G52 -> 168 | H123: =H106+'2013'!H106+'2012'!H106+'2011'!H106+'2010'!H83+'2009'!H52 -> 138.25 | I123: =I106+'2013'!I106+'2012'!I106+'2011'!I106+'2010'!I83+'2009'!I52 -> 158.5 | ... N123: =N106+'2013'!N106+'2012'!N106+'2011'!N106+'2010'!N83+'2009'!N52 -> 12 | O123: =O106+P106+'2013'!P106+'2013'!O106+'2012'!O106+'2012'!P106+'2011'!P106+'2011'!O106+'2010'!O83+'2009'!O52 -> 23.25
A125: victorias totales | B125: =SUM(IF($B1=B$120,1))+'2013'!B119 -> 3 | C125: =SUM(IF($C1=B$120,1))+'2013'!C119 -> 2 | D125: =SUM(IF($D1=B$120,1))+'2013'!D119 -> 0 | E125: =SUM(IF($E1=B$120,1))+'2013'!E119 -> 1 | F125: =SUM(IF($F1=B$120,1))+'2013'!F119 -> 1 | G125: =SUM(IF($G1=B$120,1))+'2013'!G119 -> 0 | H125: =SUM(IF($H1=B$120,1))+'2013'!H119 -> 0 | I125: =SUM(IF($I1=B$120,1))+'2013'!I119 -> 0 | J125: =SUM(IF($J1=B$120,1))+'2013'!J119 -> 0 | K125: =SUM(IF($K1=B$120,1))+'2013'!K119 -> 0 | L125: =SUM(IF($L1=B$120,1))+'2013'!L119 -> 0 | M125: =SUM(IF($M1=B$120,1))+'2013'!M119 -> 0 | N125: =SUM(IF($N1=B$120,1))+'2013'!N119 -> 0 | O125: =SUM(IF($O1=B$120,1))+'2013'!P119 -> 0
A127: total de pruebas | C127: =B108+'2013'!B108+'2012'!B108+'2011'!B108+'2010'!B85+'2015'!F62 -> 321

Sheet 2015
A1: 2015 | B1: David | C1: Carlos | D1: Laura | E1: Jorge | F1: Sergio | G1: Poli | H1: Nuria | I1: Sara | J1: Dario | K1: Pedro | L1: Inés | M1: Chema | N1: Maite | O1: Anuncia | P1: Roberto
A2: Bádminton | B2: oro | C2: x | D2: plata | E2: x | F2: oro | K2: plata | M2: x | N2: x
A3: Fútbol | B3: oro | C3: x | E3: x | F3: plata | I3: oro | J3: oro | K3: plata | M3: x | N3: x
A4: -1 | B4: oro | C4: x | E4: x | F4: bronce | K4: plata | M4: x | N4: x
A5: call of duty | B5: plata | C5: x | E5: x | F5: oro | I5: plata | J5: oro | M5: x | N5: x
A6: Catán | C6: x | D6: oro | E6: x | F6: bronce | G6: plata | I6: bronce | M6: x | N6: x
A7: F1 | B7: oro | C7: x | E7: x | F7: plata | K7: bronce | M7: x | N7: x
A8: call of duty | B8: plata | C8: x | E8: x | F8: oro | J8: oro | K8: plata | M8: x | N8: x
A9: petanca | B9: plata | C9: x | E9: x | F9: bronce | H9: oro | I9: oro | J9: plata | M9: x | N9: x | O9: bronce
A10: buzz niños | C10: x | D10: oro | E10: x | F10: plata | H10: bronce | J10: bronce | M10: x | N10: x
A11: -1 | B11: plata | C11: x | D11: bronce | E11: x | F11: oro | M11: x | N11: x
A12: burro | B12: oro | C12: x | D12: plata | E12: x | F12: bronce | M12: x | N12: x
A13: buzz | B13: oro | C13: x | D13: bronce | E13: x | G13: plata | M13: x | N13: x
A14: interferencias | B14: plata | C14: x | E14: x | H14: oro | J14: oro | L14: bronce | M14: x | N14: x
A15: sumas | B15: oro | C15: x | E15: x | F15: bronce | M15: x | N15: x | P15: plata
A16: criquet | B16: plata | C16: x | E16: x | G16: bronce | J16: oro | M16: x | N16: x
A17: buzz niños | B17: bronce | C17: x | D17: oro | E17: x | F17: plata | M17: x | N17: x
A18: parchis | B18: plata | C18: x | D18: oro | E18: x | F18: oro | J18: plata | M18: x | N18: x
A19: mario party | C19: x | D19: bronce | E19: x | F19: plata | J19: oro | M19: x | N19: x
A20: pringels | B20: bronce | C20: x | E20: x | G20: plata | I20: oro | M20: x | N20: x
A21: interferencias | B21: plata | C21: x | D21: oro | E21: x | F21: bronce | H21: oro | J21: bronce | M21: x | N21: x
A22: fronton | B22: oro | C22: x | E22: x | G22: bronce | I22: plata | M22: x | N22: x
A23: call of duty | B23: plata | C23: x | E23: x | F23: oro | J23: plata | M23: x | N23: x
A24: ginkana | B24: oro | C24: x | E24: x | F24: plata | G24: plata | H24: plata | I24: oro | J24: oro | M24: x | N24: x
A25: sillas | C25: x | E25: x | F25: oro | I25: plata | L25: bronce | M25: x | N25: x
A26: campos medios | B26: oro | C26: x | E26: x | F26: plata | G26: oro | H26: plata | I26: oro | J26: plata | L26: plata | M26: x | N26: x
A27: sillas junior | C27: x | E27: x | F27: oro | H27: plata | I27: bronce | M27: x | N27: x
A28: trenes | B28: plata | C28: x | D28: bronce | E28: x | F28: oro | H28: bronce | M28: x | N28: x
A29: parchis | C29: x | D29: oro | E29: x | F29: bronce | H29: oro | I29: plata | J29: bronce | M29: x | N29: x
A30: cuentos | C30: x | D30: bronce | E30: x | F30: plata | I30: bronce | J30: bronce | L30: oro | M30: x | N30: x
A31: 7 y media | B31: plata | C31: x | D31: bronce | E31: x | F31: oro | H31: plata | I31: oro | J31: oro | L31: plata | M31: x | N31: x
A32: burro | B32: plata | C32: x | D32: bronce | E32: x | G32: bronce | H32: bronce | J32: oro | M32: x | N32: x
A33: Piscina: rapidez nadar | B33: oro | C33: x | D33: bronce | E33: x | I33: plata | M33: x | N33: x
A34: Piscina: nadar sin respirar | B34: oro | C34: x | D34: plata | E34: x | I34: bronce | M34: x | N34: x
A35: Piscina: impulso | B35: oro | C35: x | D35: plata | E35: x | I35: bronce | M35: x | N35: x
A36: Piscina: pino | C36: x | D36: oro | E36: x | F36: plata | I36: bronce | M36: x | N36: x
A37: trenes | B37: bronce | C37: x | D37: plata | E37: x | F37: oro | J37: oro | M37: x | N37: x
A38: volley | B38: plata | C38: x | D38: oro | E38: x | F38: oro | H38: plata | I38: plata | J38: oro | M38: x | N38: x
A39: -1 | B39: oro | C39: x | E39: x | F39: plata | M39: x | N39: x
A40: dardos | B40: oro | C40: x | E40: x | F40: plata | J40: bronce | M40: x | N40: x
A41: pompitas | C41: x | E41: x | F41: oro | H41: plata | I41: bronce | M41: x | N41: x
A42: aviones | B42: oro | C42: x | E42: x | F42: plata | I42: oro | J42: plata | M42: x | N42: x
A43: mario kart | C43: x | E43: x | F43: oro | J43: plata | M43: x | N43: x
A44: trenes | B44: bronce | C44: x | D44: plata | E44: x | F44: oro | J44: plata | M44: x | N44: x
A45: cuadrado | B45: bronce | C45: x | D45: oro | E45: x | F45: plata | H45: oro | I45: bronce | J45: plata | M45: x | N45: x
A46: Catán | C46: x | D46: oro | E46: x | F46: plata | H46: bronce | M46: x | N46: x
A47: Sing Star | C47: x | D47: oro | E47: x | F47: plata | H47: plata | M47: x | N47: x
A100: bronce | B100: {=SUM(IF(B$2:B$99=$A100,1))} -> 5 | C100: {=SUM(IF(C$2:C$99=$A100,1))} -> 0 | D100: {=SUM(IF(D$2:D$99=$A100,1))} -> 8 | E100: {=SUM(IF(E$2:E$99=$A100,1))} -> 0 | F100: {=SUM(IF(F$2:F$99=$A100,1))} -> 7 | G100: {=SUM(IF(G$2:G$99=$A100,1))} -> 3 | H100: {=SUM(IF(H$2:H$99=$A100,1))} -> 4 | I100: {=SUM(IF(I$2:I$99=$A100,1))} -> 8 | ... P100: {=SUM(IF(P$2:P$99=$A100,1))} -> 0
A101: plata | B101: {=SUM(IF(B$2:B$99=$A101,1))} -> 13 | C101: {=SUM(IF(C$2:C$99=$A101,1))} -> 0 | D101: {=SUM(IF(D$2:D$99=$A101,1))} -> 6 | E101: {=SUM(IF(E$2:E$99=$A101,1))} -> 0 | F101: {=SUM(IF(F$2:F$99=$A101,1))} -> 15 | G101: {=SUM(IF(G$2:G$99=$A101,1))} -> 4 | H101: {=SUM(IF(H$2:H$99=$A101,1))} -> 7 | I101: {=SUM(IF(I$2:I$99=$A101,1))} -> 6 | ... P101: {=SUM(IF(P$2:P$99=$A101,1))} -> 1
A102: oro | B102: {=SUM(IF(B$2:B$99=$A102,1))} -> 16 | C102: {=SUM(IF(C$2:C$99=$A102,1))} -> 0 | D102: {=SUM(IF(D$2:D$99=$A102,1))} -> 11 | E102: {=SUM(IF(E$2:E$99=$A102,1))} -> 0 | F102: {=SUM(IF(F$2:F$99=$A102,1))} -> 15 | G102: {=SUM(IF(G$2:G$99=$A102,1))} -> 1 | H102: {=SUM(IF(H$2:H$99=$A102,1))} -> 5 | I102: {=SUM(IF(I$2:I$99=$A102,1))} -> 7 | ... P102: {=SUM(IF(P$2:P$99=$A102,1))} -> 0
A103: Puntos | B103: =B100+B101*2+B102*3 -> 79 | C103: =C100+C101*2+C102*3 -> 0 | D103: =D100+D101*2+D102*3 -> 53 | E103: =E100+E101*2+E102*3 -> 0 | F103: =F100+F101*2+F102*3 -> 82 | G103: =G100+G101*2+G102*3 -> 14 | H103: =H100+H101*2+H102*3 -> 33 | I103: =I100+I101*2+I102*3 -> 41 | ... P103: =P100+P101*2+P102*3 -> 2
A105: Daypo | B105: =B103+G103+I103+J103 -> 188 | D105: Daypo adultos | E105: =B103+G103 -> 93 | G105: Daypo jóvenes | H105: =I103+J103 -> 95
A106: Castrillo | B106: =C103+E103+H103+L103+M103 -> 42 | D106: Castrillo adulto | E106: =M103+L103 -> 9 | G106: Castrillo jóvenes | H106: =C103+E103+H103 -> 33
A107: Arroni Del Riego | B107: =D103+F103+K103+N103 -> 144 | D107: Del Riego adulto | E107: =K103+N103 -> 9 | G107: Del Riego jóvenes | H107: =D103+F103 -> 135
A109: Jóvenes | B109: =H105+H106+H107 -> 263
A110: Adultos | B110: =E105+E106+E107 -> 111 | G110: Adultos : | H110: David, Inés, Pedro, Poli, Chema, Maite
G111: Jovenes : | H111: los demás menos: Anuncia, Roberto
A112: Campeón | B112: Sergio
A114: TOTAL | O114: abuelos
A115: puntos | B115: =B103+'2014'!B123 -> 492.75 | C115: =C103+'2014'!C123 -> 369.5 | D115: =D103+'2014'!D123 -> 316 | E115: =E103+'2014'!E123 -> 364.25 | F115: =F103+'2014'!F123 -> 455.25 | G115: =G103+'2014'!G123 -> 182 | H115: =H103+'2014'!H123 -> 171.25 | I115: =I103+'2014'!I123 -> 199.5 | ... N115: =N103+'2014'!N123 -> 12 | O115: =O103+'2014'!O123+P103 -> 26.25
A117: total de pruebas | B117: =46+'2014'!C127 -> 367
A119: victorias totales | B119: =SUM(IF($B1=B$112,1))+'2014'!B125 -> 3 | C119: =SUM(IF($C1=B$112,1))+'2014'!C125 -> 2 | D119: =SUM(IF($D1=B$112,1))+'2014'!D125 -> 0 | E119: =SUM(IF($E1=B$112,1))+'2014'!E125 -> 1 | F119: =SUM(IF($F1=B$112,1))+'2014'!F125 -> 2 | G119: =SUM(IF($G1=B$112,1))+'2014'!G125 -> 0 | H119: =SUM(IF($H1=B$112,1))+'2014'!H125 -> 0 | I119: =SUM(IF($I1=B$112,1))+'2014'!I125 -> 0 | J119: =SUM(IF($J1=B$112,1))+'2014'!J125 -> 0 | K119: =SUM(IF($K1=B$112,1))+'2014'!K125 -> 0 | L119: =SUM(IF($L1=B$112,1))+'2014'!L125 -> 0 | M119: =SUM(IF($M1=B$112,1))+'2014'!M125 -> 0 | N119: =SUM(IF($N1=B$112,1))+'2014'!N125 -> 0 | O119: =SUM(IF($O1=B$112,1))+'2014'!O125 -> 0

Sheet 2016
A1: 2016 | B1: David | C1: Carlos | D1: Laura | E1: Jorge | F1: Sergio | G1: Poli | H1: Nuria | I1: Sara | J1: Dario | K1: Pedro | L1: Inés | M1: Chema | N1: Maite | O1: Anuncia | P1: Roberto | Q1: Hana
A2: Catán | B2: ORO | C2: x | D2: x | E2: x | F2: x | G2: BRONCE | H2: x | I2: PLATA | J2: BRONCE | K2: x | L2: x | M2: x | N2: x | O2: PLATA | P2: x | Q2: x | R2: Catán
A3: Call of Duty | B3: PLATA | C3: x | D3: x | E3: x | F3: ORO | G3: x | H3: x | I3: PLATA | J3: ORO | K3: x | L3: x | M3: x | N3: x | O3: x | P3: x | Q3: x | R3: Call of Duty
A4: Call of Duty | B4: x | C4: PLATA | D4: x | E4: ORO | F4: ORO | G4: x | H4: x | I4: x | J4: BRONCE | K4: x | L4: x | M4: x | N4: x | O4: x | P4: x | Q4: x | R4: Call of Duty
A5: Fútbol | B5: ORO | C5: ORO | D5: x | E5: ORO | F5: PLATA | G5: x | H5: x | I5: PLATA | J5: x | K5: PLATA | L5: x | M5: x | N5: x | O5: x | P5: x | Q5: x | R5: Fútbol
A6: -1 | B6: BRONCE | C6: v | D6: x | E6: v | F6: PLATA | G6: x | H6: x | I6: v | J6: x | K6: ORO | L6: x | M6: x | N6: x | O6: x | P6: x | Q6: x | R6: -1
A7: Burro | B7: ORO | C7: v | D7: x | E7: BRONCE | F7: PLATA | G7: x | H7: x | I7: v | J7: x | K7: x | L7: x | M7: x | N7: x | O7: x | P7: x | Q7: x | R7: Burro
A8: Gymkana | B8: ORO | C8: ORO | D8: x | E8: v | F8: v | G8: ORO | H8: x | I8: ORO | J8: v | K8: v | L8: x | M8: x | N8: x | O8: x | P8: x | Q8: x | R8: Gymkana
A9: Interferencias | B9: x | C9: v | D9: v | E9: v | F9: ORO | G9: x | H9: v | I9: v | J9: ORO | K9: v | L9: x | M9: x | N9: x | O9: x | P9: x | Q9: v | R9: Interferencias
A10: Catán | B10: ORO | C10: v | D10: v | E10: v | F10: BRONCE | G10: x | H10: PLATA | I10: PLATA | J10: BRONCE | K10: x | L10: x | M10: x | N10: x | O10: x | P10: x | Q10: v | R10: Catán
A11: Perdigones | B11: x | C11: v | D11: ORO | E11: ORO | F11: PLATA | G11: x | H11: x | I11: x | J11: PLATA | K11: ORO | L11: x | M11: x | N11: x | O11: x | P11: x | Q11: x | R11: Perdigones
A12: Frontón | B12: ORO | C12: v | D12: v | E12: BRONCE | F12: v | G12: PLATA | H12: v | I12: v | J12: v | K12: v | L12: x | M12: x | N12: x | O12: x | P12: x | Q12: v | R12: Frontón
A13: Frontón | B13: ORO | C13: v | D13: v | E13: BRONCE | F13: v | G13: v | H13: v | I13: v | J13: v | K13: PLATA | L13: x | M13: x | N13: x | O13: x | P13: x | Q13: v | R13: Frontón
A14: Lanzar avión | B14: BRONCE | C14: v | D14: v | E14: v | F14: v | G14: v | H14: v | I14: ORO | J14: v | K14: PLATA | L14: x | M14: x | N14: x | O14: v | P14: x | Q14: v | R14: Lanzar avión
A15: Lanzar pelota (tenis) | B15: PLATA | C15: v | D15: v | E15: v | F15: BRONCE | G15: v | H15: v | I15: v | J15: v | K15: v | L15: x | M15: x | N15: x | O15: v | P15: x | Q15: ORO | R15: Lanzar pelota (tenis)
A16: Lanzar pelotas (longitud) | B16: PLATA | C16: v | D16: v | E16: v | F16: ORO | G16: v | H16: v | I16: v | J16: v | K16: BRONCE | L16: x | M16: x | N16: x | O16: v | P16: x | Q16: v | R16: Lanzar pelotas (longitud)
A17: Petanca | B17: ORO | C17: v | D17: BRONCE | E17: v | F17: PLATA | G17: v | H17: v | I17: v | J17: PLATA | K17: BRONCE | L17: x | M17: x | N17: x | O17: ORO | P17: x | Q17: v | R17: Petanca
A18: Pañuelo | B18: v | C18: ORO | D18: x | E18: ORO | F18: v | G18: ORO | H18: ORO | I18: ORO | J18: v | K18: v | L18: x | M18: x | N18: x | O18: x | P18: x | Q18: v | R18: Pañuelo
... A40: Catán | B40: ORO | C40: x | D40: x | E40: PLATA | F40: BRONCE | G40: v | H40: BRONCE | I40: v | J40: BRONCE | K40: x | L40: BRONCE | M40: x | N40: x | O40: x | P40: x | Q40: x | R40: Catán
A41: -1 | B41: ORO | C41: x | D41: x | E41: BRONCE | F41: PLATA | G41: x | H41: x | I41: v | J41: x | K41: x | L41: x | M41: x | N41: x | O41: x | P41: x | Q41: x | R41: -1
A42: Burro | B42: PLATA | C42: x | D42: x | E42: ORO | F42: BRONCE | G42: x | H42: x | I42: v | J42: x | K42: x | L42: x | M42: x | N42: x | O42: x | P42: x | Q42: x | R42: Burro
A43: Baloncesto | B43: ORO | C43: x | D43: x | E43: PLATA | F43: PLATA | G43: x | H43: x | I43: ORO | J43: PLATA | K43: x | L43: x | M43: x | N43: x | O43: x | P43: x | Q43: x | R43: Baloncesto
A44: Porra | B44: v | C44: x | D44: x | E44: v | F44: BRONCE | G44: v | H44: ORO | I44: v | J44: v | K44: x | L44: x | M44: x | N44: x | O44: PLATA | P44: x | Q44: x | R44: Porra
A45: Fútbol | B45: ORO | C45: x | D45: x | E45: PLATA | F45: PLATA | G45: x | H45: x | I45: ORO | J45: PLATA | K45: x | L45: x | M45: x | N45: x | O45: x | P45: x | Q45: x | R45: Fútbol
A46: -1 | B46: BRONCE | C46: x | D46: x | E46: ORO | F46: PLATA | G46: x | H46: x | I46: x | J46: x | K46: x | L46: v | M46: x | N46: x | O46: x | P46: x | Q46: x | R46: -1
A47: Volleyball | B47: PLATA | C47: x | D47: x | E47: ORO | F47: ORO | G47: x | H47: x | I47: x | J47: x | K47: x | L47: x | M47: x | N47: x | O47: x | P47: x | Q47: x | R47: Volleyball
A48: Incógnito | B48: PLATA | C48: x | D48: x | E48: ORO | F48: ORO | G48: x | H48: x | I48: x | J48: PLATA | K48: x | L48: x | M48: x | N48: x | O48: x | P48: x | Q48: x | R48: Incógnito
A49: Fifa | B49: PLATA | C49: x | D49: x | E49: BRONCE | F49: ORO | G49: x | H49: x | I49: x | J49: v | K49: x | L49: x | M49: x | N49: x | O49: x | P49: x | Q49: x | R49: Fifa
A50: Frontón | B50: ORO | C50: x | D50: x | E50: PLATA | F50: BRONCE | G50: PLATA | H50: v | I50: BRONCE | J50: v | K50: x | L50: v | M50: x | N50: x | O50: x | P50: x | Q50: x | R50: Frontón
A51: Frontón | B51: ORO | C51: x | D51: x | E51: v | F51: v | G51: v | H51: v | I51: v | J51: v | K51: x | L51: v | M51: x | N51: x | O51: x | P51: x | Q51: x | R51: Frontón
A52: Catán | B52: PLATA | C52: x | D52: x | E52: v | F52: ORO | G52: PLATA | H52: BRONCE | I52: PLATA | J52: x | K52: x | L52: v | M52: x | N52: x | O52: x | P52: x | Q52: x | R52: Catán
A53: Frontón | B53: x | C53: x | D53: x | E53: x | F53: x | G53: PLATA | H53: x | I53: ORO | J53: v | K53: x | L53: v | M53: x | N53: x | O53: x | P53: x | Q53: x | R53: Frontón
A54: -1 | B54: ORO | C54: x | D54: x | E54: BRONCE | F54: PLATA | G54: x | H54: x | I54: x | J54: v | K54: x | L54: x | M54: x | N54: x | O54: x | P54: x | Q54: x | R54: -1
A55: -1 | B55: ORO | C55: x | D55: x | E55: BRONCE | F55: PLATA | G55: x | H55: x | I55: x | J55: x | K55: x | L55: x | M55: x | N55: x | O55: x | P55: x | Q55: x | R55: -1
A56: Partido | B56: ORO | C56: x | D56: x | E56: PLATA | F56: PLATA | G56: x | H56: x | I56: x | J56: x | K56: x | L56: x | M56: x | N56: x | O56: x | P56: x | Q56: x | R56: Partido
A57: Burro | B57: BRONCE | C57: x | D57: x | E57: PLATA | F57: ORO | G57: x | H57: x | I57: x | J57: x | K57: x | L57: x | M57: x | N57: x | O57: x | P57: x | Q57: x | R57: Burro
A58: Frontón | B58: ORO | C58: x | D58: x | E58: PLATA | F58: BRONCE | G58: x | H58: x | I58: x | J58: x | K58: x | L58: x | M58: x | N58: x | O58: x | P58: x | Q58: x | R58: Frontón
A59: Frontón | B59: ORO | C59: x | D59: x | E59: PLATA | F59: BRONCE | G59: x | H59: x | I59: x | J59: x | K59: x | L59: x | M59: x | N59: x | O59: x | P59: x | Q59: x | R59: Frontón
A60: Dobles | B60: PLATA | C60: x | D60: x | E60: ORO | F60: ORO | G60: x | H60: x | I60: PLATA | J60: x | K60: x | L60: x | M60: x | N60: x | O60: x | P60: x | Q60: x | R60: Dobles
A61: Incógnito | B61: PLATA | C61: x | D61: x | E61: ORO | F61: ORO | G61: x | H61: x | I61: x | J61: PLATA | K61: x | L61: x | M61: x | N61: x | O61: x | P61: x | Q61: x | R61: Incógnito
A62: Incógnito | B62: x | C62: x | D62: x | E62: PLATA | F62: PLATA | G62: x | H62: ORO | I62: ORO | J62: x | K62: x | L62: x | M62: x | N62: x | O62: x | P62: x | Q62: x | R62: Incógnito
A100: v | B100: {=SUM(IF(B2:B99="v",1))} -> 6 | C100: {=SUM(IF(C2:C99="v",1))} -> 17 | D100: {=SUM(IF(D2:D99="v",1))} -> 8 | E100: {=SUM(IF(E2:E99="v",1))} -> 16 | F100: {=SUM(IF(F2:F99="v",1))} -> 10 | G100: {=SUM(IF(G2:G99="v",1))} -> 16 | H100: {=SUM(IF(H2:H99="v",1))} -> 19 | I100: {=SUM(IF(I2:I99="v",1))} -> 21 | ... Q100: {=SUM(IF(Q2:Q99="v",1))} -> 12 | R100: v
A101: x | B101: {=SUM(IF(B2:B99="x",1))} -> 7 | C101: {=SUM(IF(C2:C99="x",1))} -> 38 | D101: {=SUM(IF(D2:D99="x",1))} -> 44 | E101: {=SUM(IF(E2:E99="x",1))} -> 4 | F101: {=SUM(IF(F2:F99="x",1))} -> 2 | G101: {=SUM(IF(G2:G99="x",1))} -> 36 | H101: {=SUM(IF(H2:H99="x",1))} -> 32 | I101: {=SUM(IF(I2:I99="x",1))} -> 20 | ... Q101: {=SUM(IF(Q2:Q99="x",1))} -> 46 | R101: x
A102: Participaciones | B102: =B100+B103+B104+B105 -> 54 | C102: =C100+C103+C104+C105 -> 23 | D102: =D100+D103+D104+D105 -> 17 | E102: =E100+E103+E104+E105 -> 57 | F102: =F100+F103+F104+F105 -> 59 | G102: =G100+G103+G104+G105 -> 25 | H102: =H100+H103+H104+H105 -> 29 | I102: =I100+I103+I104+I105 -> 41 | ... Q102: =Q100+Q103+Q104+Q105 -> 15 | R102: Participaciones
A103: BRONCE | B103: {=SUM(IF(B$2:B$99=$A103,1))} -> 10 | C103: {=SUM(IF(C$2:C$99=$A103,1))} -> 1 | D103: {=SUM(IF(D$2:D$99=$A103,1))} -> 1 | E103: {=SUM(IF(E$2:E$99=$A103,1))} -> 11 | F103: {=SUM(IF(F$2:F$99=$A103,1))} -> 8 | G103: {=SUM(IF(G$2:G$99=$A103,1))} -> 1 | H103: {=SUM(IF(H$2:H$99=$A103,1))} -> 2 | I103: {=SUM(IF(I$2:I$99=$A103,1))} -> 5 | ... Q103: {=SUM(IF(Q$2:Q$99=$A103,1))} -> 0 | R103: BRONCE
A104: PLATA | B104: {=SUM(IF(B$2:B$99=$A104,1))} -> 16 | C104: {=SUM(IF(C$2:C$99=$A104,1))} -> 2 | D104: {=SUM(IF(D$2:D$99=$A104,1))} -> 3 | E104: {=SUM(IF(E$2:E$99=$A104,1))} -> 15 | F104: {=SUM(IF(F$2:F$99=$A104,1))} -> 19 | G104: {=SUM(IF(G$2:G$99=$A104,1))} -> 6 | H104: {=SUM(IF(H$2:H$99=$A104,1))} -> 5 | I104: {=SUM(IF(I$2:I$99=$A104,1))} -> 7 | ... Q104: {=SUM(IF(Q$2:Q$99=$A104,1))} -> 1 | R104: PLATA
A105: ORO | B105: {=SUM(IF(B$2:B$99=$A105,1))} -> 22 | C105: {=SUM(IF(C$2:C$99=$A105,1))} -> 3 | D105: {=SUM(IF(D$2:D$99=$A105,1))} -> 5 | E105: {=SUM(IF(E$2:E$99=$A105,1))} -> 15 | F105: {=SUM(IF(F$2:F$99=$A105,1))} -> 22 | G105: {=SUM(IF(G$2:G$99=$A105,1))} -> 2 | H105: {=SUM(IF(H$2:H$99=$A105,1))} -> 3 | I105: {=SUM(IF(I$2:I$99=$A105,1))} -> 8 | ... Q105: {=SUM(IF(Q$2:Q$99=$A105,1))} -> 2 | R105: ORO
A106: Puntos | B106: =B103+B104*2+B105*3 -> 108 | C106: =C103+C104*2+C105*3 -> 14 | D106: =D103+D104*2+D105*3 -> 22 | E106: =E103+E104*2+E105*3 -> 86 | F106: =F103+F104*2+F105*3 -> 112 | G106: =G103+G104*2+G105*3 -> 19 | H106: =H103+H104*2+H105*3 -> 21 | I106: =I103+I104*2+I105*3 -> 43 | ... Q106: =Q103+Q104*2+Q105*3 -> 8 | R106: Puntos
A107: Promedio | B107: =IF(B100+B103+B104+B105<>0,B106/(B100+B103+B104+B105),0) -> 2 | C107: =IF(C100+C103+C104+C105<>0,C106/(C100+C103+C104+C105),0) -> 0.60869565 | D107: =IF(D100+D103+D104+D105<>0,D106/(D100+D103+D104+D105),0) -> 1.2941176 | E107: =IF(E100+E103+E104+E105<>0,E106/(E100+E103+E104+E105),0) -> 1.5087719 | F107: =IF(F100+F103+F104+F105<>0,F106/(F100+F103+F104+F105),0) -> 1.8983051 | G107: =IF(G100+G103+G104+G105<>0,G106/(G100+G103+G104+G105),0) -> 0.76 | H107: =IF(H100+H103+H104+H105<>0,H106/(H100+H103+H104+H105),0) -> 0.72413793 | I107: =IF(I100+I103+I104+I105<>0,I106/(I100+I103+I104+I105),0) -> 1.0487805 | ... Q107: =IF(Q100+Q103+Q104+Q105<>0,Q106/(Q100+Q103+Q104+Q105),0) -> 0.53333333 | R107: Promedio
A108: Nº medallas | B108: =B105+B104+B103 -> 48 | C108: =C105+C104+C103 -> 6 | D108: =D105+D104+D103 -> 9 | E108: =E105+E104+E103 -> 41 | F108: =F105+F104+F103 -> 49 | G108: =G105+G104+G103 -> 9 | H108: =H105+H104+H103 -> 10 | I108: =I105+I104+I103 -> 20 | ... Q108: =Q105+Q104+Q103 -> 3 | R108: Nº medallas
A109: Check | B109: =B102+B101 -> 61 | C109: =C102+C101 -> 61 | D109: =D102+D101 -> 61 | E109: =E102+E101 -> 61 | F109: =F102+F101 -> 61 | G109: =G102+G101 -> 61 | H109: =H102+H101 -> 61 | I109: =I102+I101 -> 61 | ... Q109: =Q102+Q101 -> 61 | R109: Check
A111: Daypo | B111: =B106+G106+J106+I106 -> 207 | D111: Daypo adultos | E111: =B106+G106 -> 127 | G111: Daypo jóvenes | H111: =I106+J106 -> 80 | J111: participaciones | K111: =B102+G102+I102+J102 -> 163 | M111: promedio | N111: =B111/K111 -> 1.2699387 | R111: Daypo
A112: Castrillo | B112: =C106+E106+H106+L106+M106 -> 122 | D112: Castrillo adulto | E112: =M106+L106 -> 1 | G112: Castrillo jóvenes | H112: =C106+E106+H106 -> 121 | J112: participaciones | K112: =C102+E102+H102+L102+M102 -> 115 | M112: promedio | N112: =B112/K112 -> 1.0608696 | R112: Castrillo
A113: Arroni Del Riego | B113: =D106+F106+K106+N106 -> 161 | D113: Del Riego adulto | E113: =K106+N106 -> 27 | G113: Del Riego jóvenes | H113: =D106+F106 -> 134 | J113: participaciones | K113: =D102+F102+K102+N102 -> 96 | M113: promedio | N113: =B113/K113 -> 1.6770833 | R113: Arroni Del Riego
B115: David | C115: Carlos | D115: Laura | E115: Jorge | F115: Sergio | G115: Poli | H115: Nuria | I115: Sara | J115: Dario | K115: Pedro | L115: Inés | M115: Chema | N115: Maite | O115: Anuncia | P115: Roberto | Q115: Hana
A117: Jóvenes | B117: =H111+H112+H113 -> 335 | E117: Adultos | F117: =E111+E112+E113 -> 155
A119: Campeón | B119: Sergio | Q119: =B119 -> Sergio | R119: Campeón
A121: TOTAL | O121: abuelos | R121: TOTAL
A122: puntos | B122: =B106+'2015'!B115 -> 600.75 | C122: =C106+'2015'!C115 -> 383.5 | D122: =D106+'2015'!D115 -> 338 | E122: =E106+'2015'!E115 -> 450.25 | F122: =F106+'2015'!F115 -> 567.25 | G122: =G106+'2015'!G115 -> 201 | H122: =H106+'2015'!H115 -> 192.25 | I122: =I106+'2015'!I115 -> 242.5 | ... N122: =N106+'2015'!N115 -> 12 | O122: ='2015'!O115+O106+P106 -> 33.25 | P122: ------------------ | Q122: =Q106 -> 8 | R122: puntos
A124: victorias totales | B124: ='2015'!B119 -> 3 | C124: ='2015'!C119 -> 2 | D124: ='2015'!D119 -> 0 | E124: ='2015'!E119 -> 1 | F124: ='2015'!F119+1 -> 3 | G124: ='2015'!G119 -> 0 | H124: ='2015'!H119 -> 0 | I124: ='2015'!I119 -> 0 | J124: ='2015'!J119 -> 0 | K124: ='2015'!K119 -> 0 | L124: ='2015'!L119 -> 0 | M124: ='2015'!M119 -> 0 | N124: ='2015'!N119 -> 0 | O124: ='2015'!O119 -> 0 | P124: ------------------ | Q124: 0 | R124: victorias totales
A126: total de pruebas desde 2009 | C126: ='2015'!B117+B109 -> 428

Sheet 2017
A1: 2017 | B1: David | C1: Carlos | D1: Laura | E1: Jorge | F1: Sergio | G1: Poli | H1: Nuria | I1: Sara | J1: Dario | K1: Pedro | L1: Inés | M1: Chema | N1: Maite | O1: Anuncia | P1: Roberto | Q1: Hana
A2: Mario Kart | B2: x | C2: x | D2: x | E2: ORO | F2: ORO | G2: x | H2: PLATA | I2: PLATA | J2: x | K2: x | L2: x | M2: x | N2: x | O2: x | P2: x | Q2: x
A3: Mario Kart | B3: x | C3: x | D3: x | E3: ORO | F3: ORO | G3: x | H3: PLATA | I3: PLATA | J3: x | K3: x | L3: x | M3: x | N3: x | O3: x | P3: x | Q3: x
A4: Mario Kart | B4: x | C4: x | D4: x | E4: ORO | F4: PLATA | G4: x | H4: BRONCE | I4: x | J4: x | K4: x | L4: x | M4: x | N4: x | O4: x | P4: x | Q4: x
A5: Juego mentiras | B5: v | C5: x | D5: x | E5: PLATA | F5: ORO | G5: x | H5: v | I5: BRONCE | J5: v | K5: ORO | L5: x | M5: x | N5: x | O5: x | P5: x | Q5: x
A6: Frontón | B6: v | C6: x | D6: x | E6: BRONCE | F6: ORO | G6: v | H6: v | I6: v | J6: v | K6: PLATA | L6: x | M6: x | N6: x | O6: x | P6: x | Q6: x
A7: Fronton equipos | B7: PLATA | C7: x | D7: x | E7: ORO | F7: ORO | G7: BRONCE | H7: BRONCE | I7: BRONCE | J7: PLATA | K7: BRONCE | L7: x | M7: x | N7: x | O7: x | P7: x | Q7: x
A8: Baloncesto | B8: ORO | C8: x | D8: x | E8: PLATA | F8: ORO | G8: x | H8: x | I8: PLATA | J8: ORO | K8: PLATA | L8: x | M8: x | N8: x | O8: x | P8: x | Q8: x
A9: -1 | B9: PLATA | C9: x | D9: x | E9: BRONCE | F9: BRONCE | G9: x | H9: v | I9: ORO | J9: x | K9: v | L9: x | M9: x | N9: x | O9: x | P9: x | Q9: x
A10: Interferencias | B10: v | C10: x | D10: x | E10: v | F10: v | G10: x | H10: v | I10: v | J10: ORO | K10: ORO | L10: x | M10: x | N10: x | O10: v | P10: x | Q10: x
A11: Lanzamiento de pelota | B11: ORO | C11: x | D11: x | E11: x | F11: PLATA | G11: x | H11: x | I11: v | J11: v | K11: BRONCE | L11: x | M11: x | N11: x | O11: x | P11: x | Q11: x
A12: Pistas | B12: v | C12: x | D12: x | E12: v | F12: ORO | G12: v | H12: ORO | I12: v | J12: ORO | K12: v | L12: v | M12: x | N12: x | O12: x | P12: x | Q12: x
A13: Encestar terraza | B13: x | C13: x | D13: x | E13: x | F13: x | G13: x | H13: v | I13: PLATA | J13: ORO | K13: x | L13: x | M13: x | N13: x | O13: x | P13: x | Q13: x
A14: Trenes | B14: ORO | C14: x | D14: x | E14: v | F14: BRONCE | G14: x | H14: PLATA | I14: ORO | J14: x | K14: v | L14: PLATA | M14: x | N14: x | O14: x | P14: x | Q14: x
A15: Petanca | B15: ORO | C15: x | D15: x | E15: PLATA | F15: ORO | G15: x | H15: v | I15: v | J15: ORO | K15: x | L15: PLATA | M15: x | N15: x | O15: ORO | P15: x | Q15: x
A16: Dardos | B16: PLATA | C16: x | D16: x | E16: BRONCE | F16: v | G16: x | H16: x | I16: x | J16: v | K16: ORO | L16: v | M16: x | N16: x | O16: x | P16: x | Q16: x
A17: Aviones | B17: BRONCE | C17: x | D17: x | E17: BRONCE | F17: v | G17: x | H17: v | I17: PLATA | J17: v | K17: ORO | L17: v | M17: x | N17: x | O17: x | P17: x | Q17: x
A18: Fútbol | B18: PLATA | C18: x | D18: x | E18: ORO | F18: ORO | G18: x | H18: x | I18: PLATA | J18: x | K18: x | L18: x | M18: x | N18: x | O18: x | P18: x | Q18: x
A19: Mentiras | B19: x | C19: x | D19: x | E19: ORO | F19: ORO | G19: x | H19: x | I19: x | J19: PLATA | K19: x | L19: x | M19: x | N19: x | O19: x | P19: x | Q19: x
A20: Biad taxi | B20: ORO | C20: x | D20: x | E20: BRONCE | F20: v | G20: x | H20: x | I20: x | J20: x | K20: x | L20: x | M20: x | N20: x | O20: PLATA | P20: x | Q20: x
A21: Catán | B21: BRONCE | C21: x | D21: x | E21: BRONCE | F21: PLATA | G21: x | H21: v | I21: ORO | J21: v | K21: x | L21: x | M21: x | N21: x | O21: x | P21: x | Q21: x
... A24: Frontón | B24: ORO | C24: x | D24: x | E24: PLATA | F24: BRONCE | G24: x | H24: x | I24: v | J24: x | K24: x | L24: x | M24: x | N24: x | O24: x | P24: x | Q24: x
A25: -1 | B25: PLATA | C25: x | D25: x | E25: v | F25: BRONCE | G25: x | H25: v | I25: ORO | J25: x | K25: x | L25: x | M25: x | N25: x | O25: x | P25: x | Q25: x
A26: Frontón | B26: PLATA | C26: x | D26: x | E26: v | F26: BRONCE | G26: v | H26: v | I26: ORO | J26: v | K26: x | L26: v | M26: x | N26: x | O26: x | P26: x | Q26: x
A27: Call of Duty | B27: x | C27: x | D27: x | E27: ORO | F27: PLATA | G27: x | H27: x | I27: v | J27: BRONCE | K27: x | L27: x | M27: x | N27: x | O27: x | P27: x | Q27: x
A28: Mario Kart | B28: BRONCE | C28: x | D28: x | E28: ORO | F28: PLATA | G28: x | H28: x | I28: x | J28: v | K28: x | L28: x | M28: x | N28: x | O28: x | P28: x | Q28: x
A29: Asesino | B29: BRONCE | C29: x | D29: x | E29: x | F29: v | G29: x | H29: ORO | I29: PLATA | J29: v | K29: x | L29: x | M29: x | N29: x | O29: v | P29: x | Q29: x
A100: v | B100: {=SUM(IF(B2:B99="v",1))} -> 5 | C100: {=SUM(IF(C2:C99="v",1))} -> 0 | D100: {=SUM(IF(D2:D99="v",1))} -> 0 | E100: {=SUM(IF(E2:E99="v",1))} -> 6 | F100: {=SUM(IF(F2:F99="v",1))} -> 5 | G100: {=SUM(IF(G2:G99="v",1))} -> 3 | H100: {=SUM(IF(H2:H99="v",1))} -> 11 | I100: {=SUM(IF(I2:I99="v",1))} -> 7 | ... Q100: {=SUM(IF(Q2:Q99="v",1))} -> 0 | R100: v
A101: x | B101: {=SUM(IF(B2:B99="x",1))} -> 6 | C101: {=SUM(IF(C2:C99="x",1))} -> 28 | D101: {=SUM(IF(D2:D99="x",1))} -> 28 | E101: {=SUM(IF(E2:E99="x",1))} -> 3 | F101: {=SUM(IF(F2:F99="x",1))} -> 1 | G101: {=SUM(IF(G2:G99="x",1))} -> 23 | H101: {=SUM(IF(H2:H99="x",1))} -> 10 | I101: {=SUM(IF(I2:I99="x",1))} -> 5 | ... Q101: {=SUM(IF(Q2:Q99="x",1))} -> 28 | R101: x
A102: Participaciones | B102: =B100+B103+B104+B105 -> 22 | C102: =C100+C103+C104+C105 -> 0 | D102: =D100+D103+D104+D105 -> 0 | E102: =E100+E103+E104+E105 -> 25 | F102: =F100+F103+F104+F105 -> 27 | G102: =G100+G103+G104+G105 -> 5 | H102: =H100+H103+H104+H105 -> 18 | I102: =I100+I103+I104+I105 -> 23 | ... Q102: =Q100+Q103+Q104+Q105 -> 0 | R102: Participaciones
A103: BRONCE | B103: {=SUM(IF(B$2:B$99=$A103,1))} -> 4 | C103: {=SUM(IF(C$2:C$99=$A103,1))} -> 0 | D103: {=SUM(IF(D$2:D$99=$A103,1))} -> 0 | E103: {=SUM(IF(E$2:E$99=$A103,1))} -> 6 | F103: {=SUM(IF(F$2:F$99=$A103,1))} -> 6 | G103: {=SUM(IF(G$2:G$99=$A103,1))} -> 1 | H103: {=SUM(IF(H$2:H$99=$A103,1))} -> 2 | I103: {=SUM(IF(I$2:I$99=$A103,1))} -> 2 | ... Q103: {=SUM(IF(Q$2:Q$99=$A103,1))} -> 0 | R103: BRONCE
A104: PLATA | B104: {=SUM(IF(B$2:B$99=$A104,1))} -> 6 | C104: {=SUM(IF(C$2:C$99=$A104,1))} -> 0 | D104: {=SUM(IF(D$2:D$99=$A104,1))} -> 0 | E104: {=SUM(IF(E$2:E$99=$A104,1))} -> 5 | F104: {=SUM(IF(F$2:F$99=$A104,1))} -> 6 | G104: {=SUM(IF(G$2:G$99=$A104,1))} -> 1 | H104: {=SUM(IF(H$2:H$99=$A104,1))} -> 3 | I104: {=SUM(IF(I$2:I$99=$A104,1))} -> 7 | ... Q104: {=SUM(IF(Q$2:Q$99=$A104,1))} -> 0 | R104: PLATA
A105: ORO | B105: {=SUM(IF(B$2:B$99=$A105,1))} -> 7 | C105: {=SUM(IF(C$2:C$99=$A105,1))} -> 0 | D105: {=SUM(IF(D$2:D$99=$A105,1))} -> 0 | E105: {=SUM(IF(E$2:E$99=$A105,1))} -> 8 | F105: {=SUM(IF(F$2:F$99=$A105,1))} -> 10 | G105: {=SUM(IF(G$2:G$99=$A105,1))} -> 0 | H105: {=SUM(IF(H$2:H$99=$A105,1))} -> 2 | I105: {=SUM(IF(I$2:I$99=$A105,1))} -> 7 | ... Q105: {=SUM(IF(Q$2:Q$99=$A105,1))} -> 0 | R105: ORO
A106: Puntos | B106: =B103+B104*2+B105*3 -> 37 | C106: =C103+C104*2+C105*3 -> 0 | D106: =D103+D104*2+D105*3 -> 0 | E106: =E103+E104*2+E105*3 -> 40 | F106: =F103+F104*2+F105*3 -> 48 | G106: =G103+G104*2+G105*3 -> 3 | H106: =H103+H104*2+H105*3 -> 14 | I106: =I103+I104*2+I105*3 -> 37 | ... Q106: =Q103+Q104*2+Q105*3 -> 0 | R106: Puntos
A107: Promedio | B107: =IF(B100+B103+B104+B105<>0,B106/(B100+B103+B104+B105),0) -> 1.6818182 | C107: =IF(C100+C103+C104+C105<>0,C106/(C100+C103+C104+C105),0) -> 0 | D107: =IF(D100+D103+D104+D105<>0,D106/(D100+D103+D104+D105),0) -> 0 | E107: =IF(E100+E103+E104+E105<>0,E106/(E100+E103+E104+E105),0) -> 1.6 | F107: =IF(F100+F103+F104+F105<>0,F106/(F100+F103+F104+F105),0) -> 1.7777778 | G107: =IF(G100+G103+G104+G105<>0,G106/(G100+G103+G104+G105),0) -> 0.6 | H107: =IF(H100+H103+H104+H105<>0,H106/(H100+H103+H104+H105),0) -> 0.77777778 | I107: =IF(I100+I103+I104+I105<>0,I106/(I100+I103+I104+I105),0) -> 1.6086957 | ... Q107: =IF(Q100+Q103+Q104+Q105<>0,Q106/(Q100+Q103+Q104+Q105),0) -> 0 | R107: Promedio
A108: Nº medallas | B108: =B105+B104+B103 -> 17 | C108: =C105+C104+C103 -> 0 | D108: =D105+D104+D103 -> 0 | E108: =E105+E104+E103 -> 19 | F108: =F105+F104+F103 -> 22 | G108: =G105+G104+G103 -> 2 | H108: =H105+H104+H103 -> 7 | I108: =I105+I104+I103 -> 16 | ... Q108: =Q105+Q104+Q103 -> 0 | R108: Nº medallas
A109: Check | B109: =B102+B101 -> 28 | C109: =C102+C101 -> 28 | D109: =D102+D101 -> 28 | E109: =E102+E101 -> 28 | F109: =F102+F101 -> 28 | G109: =G102+G101 -> 28 | H109: =H102+H101 -> 28 | I109: =I102+I101 -> 28 | ... Q109: =Q102+Q101 -> 28 | R109: Check
A111: Daypo | B111: =B106+G106+J106+I106 -> 97 | D111: Daypo adultos | E111: =B106+G106 -> 40 | G111: Daypo jóvenes | H111: =I106+J106 -> 57 | J111: participaciones | K111: =B102+G102+I102+J102 -> 68 | M111: promedio | N111: =B111/K111 -> 1.4264706 | R111: Daypo
A112: Castrillo | B112: =C106+E106+H106+L106+M106 -> 58 | D112: Castrillo adulto | E112: =M106+L106 -> 4 | G112: Castrillo jóvenes | H112: =C106+E106+H106 -> 54 | J112: participaciones | K112: =C102+E102+H102+L102+M102 -> 49 | M112: promedio | N112: =B112/K112 -> 1.1836735 | R112: Castrillo
A113: Arroni Del Riego | B113: =D106+F106+K106+N106 -> 66 | D113: Del Riego adulto | E113: =K106+N106 -> 18 | G113: Del Riego jóvenes | H113: =D106+F106 -> 48 | J113: participaciones | K113: =D102+F102+K102+N102 -> 38 | M113: promedio | N113: =B113/K113 -> 1.7368421 | R113: Arroni Del Riego
B115: David | C115: Carlos | D115: Laura | E115: Jorge | F115: Sergio | G115: Poli | H115: Nuria | I115: Sara | J115: Dario | K115: Pedro | L115: Inés | M115: Chema | N115: Maite | O115: Anuncia | P115: Roberto | Q115: Hana
A117: Jóvenes | B117: =H111+H112+H113 -> 159 | E117: Adultos | F117: =E111+E112+E113 -> 62
A119: Campeón | B119: Sergio | Q119: =B119 -> Sergio | R119: Campeón
A121: TOTAL | O121: abuelos | R121: TOTAL
A122: puntos | B122: =B106+'2016'!B122 -> 637.75 | C122: =C106+'2016'!C122 -> 383.5 | D122: =D106+'2016'!D122 -> 338 | E122: =E106+'2016'!E122 -> 490.25 | F122: =F106+'2016'!F122 -> 615.25 | G122: =G106+'2016'!G122 -> 204 | H122: =H106+'2016'!H122 -> 206.25 | I122: =I106+'2016'!I122 -> 279.5 | ... N122: =N106+'2016'!N122 -> 12 | O122: ='2016'!O122+O106+P106 -> 38.25 | P122: <---------------- | Q122: =Q106+'2016'!Q122 -> 8 | R122: puntos
A124: victorias totales | B124: ='2015'!B119 -> 3 | C124: ='2015'!C119 -> 2 | D124: ='2015'!D119 -> 0 | E124: ='2015'!E119 -> 1 | F124: 4 | G124: ='2015'!G119 -> 0 | H124: ='2015'!H119 -> 0 | I124: ='2015'!I119 -> 0 | J124: ='2015'!J119 -> 0 | K124: ='2015'!K119 -> 0 | L124: ='2015'!L119 -> 0 | M124: ='2015'!M119 -> 0 | N124: ='2015'!N119 -> 0 | O124: ='2015'!O119 -> 0 | P124: <---------------- | Q124: 0 | R124: victorias totales
A126: total de pruebas desde 2009 | C126: ='2016'!C126+B109 -> 456

Sheet 2018
A1: 2018 | B1: David | C1: Carlos | D1: Laura | E1: Jorge | F1: Sergio | G1: Poli | H1: Nuria | I1: Sara | J1: Dario | K1: Pedro | L1: Inés | M1: Chema | N1: Maite | O1: Anuncia | P1: Roberto | Q1: Hana | R1: =A1 -> 2018
A2: -1 | B2: x | C2: v | D2: x | E2: BRONCE | F2: ORO | G2: x | H2: PLATA | I2: x | J2: x | K2: x | L2: x | M2: x | N2: x | O2: x | P2: x | Q2: v | R2: =A2 -> -1
A3: Fútbol | B3: ORO | C3: ORO | D3: x | E3: PLATA | F3: PLATA | G3: x | H3: x | I3: ORO | J3: PLATA | K3: x | L3: x | M3: x | N3: x | O3: x | P3: x | Q3: x | R3: =A3 -> Fútbol
A4: Burro | B4: v | C4: v | D4: x | E4: v | F4: ORO | G4: v | H4: BRONCE | I4: PLATA | J4: v | K4: x | L4: x | M4: x | N4: x | O4: x | P4: x | Q4: v | R4: =A4 -> Burro
A5: Pañuelo | B5: PLATA | C5: ORO | D5: x | E5: PLATA | F5: ORO | G5: PLATA | H5: PLATA | I5: ORO | J5: PLATA | K5: x | L5: x | M5: x | N5: x | O5: x | P5: x | Q5: ORO | R5: =A5 -> Pañuelo
A6: Quema | B6: ORO | C6: PLATA | D6: x | E6: ORO | F6: PLATA | G6: ORO | H6: ORO | I6: PLATA | J6: PLATA | K6: x | L6: x | M6: x | N6: x | O6: x | P6: x | Q6: PLATA | R6: =A6 -> Quema
A7: -1 | B7: ORO | C7: v | D7: x | E7: v | F7: BRONCE | G7: x | H7: v | I7: PLATA | J7: v | K7: x | L7: x | M7: x | N7: x | O7: x | P7: x | Q7: x | R7: =A7 -> -1
A8: Pueblo | B8: v | C8: v | D8: x | E8: v | F8: v | G8: v | H8: ORO | I8: v | J8: v | K8: x | L8: x | M8: x | N8: x | O8: x | P8: x | Q8: v | R8: =A8 -> Pueblo
A9: Call of Duty | B9: v | C9: PLATA | D9: x | E9: PLATA | F9: ORO | G9: x | H9: x | I9: x | J9: PLATA | K9: x | L9: x | M9: x | N9: x | O9: x | P9: x | Q9: x | R9: =A9 -> Call of Duty
A10: Mario Kart | B10: v | C10: x | D10: x | E10: ORO | F10: PLATA | G10: x | H10: BRONCE | I10: x | J10: v | K10: x | L10: x | M10: x | N10: x | O10: x | P10: x | Q10: x | R10: =A10 -> Mario Kart
A11: Interferencias | B11: v | C11: ORO | D11: x | E11: ORO | F11: v | G11: x | H11: v | I11: ORO | J11: ORO | K11: x | L11: x | M11: x | N11: x | O11: x | P11: x | Q11: ORO | R11: =A11 -> Interferencias
A12: Frontón | B12: ORO | C12: v | D12: x | E12: BRONCE | F12: v | G12: v | H12: v | I12: PLATA | J12: v | K12: x | L12: x | M12: x | N12: x | O12: x | P12: x | Q12: v | R12: =A12 -> Frontón
A13: Frontón | B13: ORO | C13: v | D13: x | E13: v | F13: BRONCE | G13: PLATA | H13: v | I13: v | J13: v | K13: x | L13: x | M13: x | N13: x | O13: x | P13: x | Q13: v | R13: =A13 -> Frontón
A14: Dominadas | B14: x | C14: x | D14: x | E14: ORO | F14: PLATA | G14: v | H14: x | I14: BRONCE | J14: x | K14: x | L14: x | M14: x | N14: x | O14: x | P14: x | Q14: x | R14: =A14 -> Dominadas
A15: Código secreto | B15: ORO | C15: PLATA | D15: x | E15: ORO | F15: ORO | G15: x | H15: PLATA | I15: PLATA | J15: ORO | K15: x | L15: x | M15: x | N15: x | O15: x | P15: x | Q15: PLATA | R15: =A15 -> Código secreto
A16: Saltarin (videojuego) | B16: BRONCE | C16: PLATA | D16: x | E16: v | F16: v | G16: x | H16: v | I16: v | J16: ORO | K16: x | L16: x | M16: x | N16: x | O16: x | P16: x | Q16: x | R16: =A16 -> Saltarin (videojuego)
A17: Gymkana | B17: v | C17: v | D17: x | E17: PLATA | F17: v | G17: v | H17: BRONCE | I17: v | J17: ORO | K17: x | L17: x | M17: x | N17: x | O17: x | P17: x | Q17: v | R17: =A17 -> Gymkana
A18: Lanzar pelota tenis | B18: v | C18: v | D18: x | E18: PLATA | F18: BRONCE | G18: v | H18: ORO | I18: v | J18: v | K18: x | L18: x | M18: x | N18: x | O18: x | P18: x | Q18: v | R18: =A18 -> Lanzar pelota tenis
A19: Lanzar botella | B19: BRONCE | C19: v | D19: x | E19: ORO | F19: v | G19: PLATA | H19: v | I19: v | J19: v | K19: x | L19: x | M19: x | N19: x | O19: x | P19: x | Q19: PLATA | R19: =A19 -> Lanzar botella
... A44: Palas | B44: BRONCE | C44: x | D44: x | E44: x | F44: ORO | G44: x | H44: x | I44: x | J44: PLATA | K44: x | L44: x | M44: x | N44: x | O44: x | P44: x | Q44: x | R44: =A44 -> Palas
A45: -1 | B45: PLATA | C45: v | D45: x | E45: x | F45: BRONCE | G45: v | H45: v | I45: ORO | J45: v | K45: x | L45: v | M45: x | N45: x | O45: x | P45: x | Q45: x | R45: =A45 -> -1
A46: Juego de trenes: Viajeros al tren | B46: BRONCE | C46: PLATA | D46: x | E46: x | F46: v | G46: x | H46: v | I46: BRONCE | J46: v | K46: x | L46: ORO | M46: x | N46: x | O46: x | P46: x | Q46: x | R46: =A46 -> Juego de trenes: Viajeros al tren
A47: Burro | B47: ORO | C47: x | D47: x | E47: x | F47: PLATA | G47: x | H47: x | I47: x | J47: x | K47: x | L47: BRONCE | M47: x | N47: x | O47: x | P47: x | Q47: x | R47: =A47 -> Burro
A48: Frontón | B48: v | C48: x | D48: x | E48: x | F48: v | G48: PLATA | H48: v | I48: ORO | J48: BRONCE | K48: x | L48: v | M48: x | N48: x | O48: x | P48: x | Q48: x | R48: =A48 -> Frontón
A49: Frontón por equipos | B49: PLATA | C49: ORO | D49: x | E49: x | F49: ORO | G49: x | H49: x | I49: x | J49: PLATA | K49: x | L49: x | M49: x | N49: x | O49: x | P49: x | Q49: x | R49: =A49 -> Frontón por equipos
A50: Carrera rotando | B50: PLATA | C50: BRONCE | D50: x | E50: x | F50: ORO | G50: x | H50: x | I50: x | J50: v | K50: x | L50: x | M50: x | N50: x | O50: x | P50: x | Q50: x | R50: =A50 -> Carrera rotando
A51: Carrera tenis | B51: ORO | C51: BRONCE | D51: x | E51: x | F51: PLATA | G51: x | H51: x | I51: x | J51: x | K51: x | L51: x | M51: x | N51: x | O51: x | P51: x | Q51: x | R51: =A51 -> Carrera tenis
A52: Carrera en bici | B52: BRONCE | C52: ORO | D52: x | E52: x | F52: PLATA | G52: x | H52: x | I52: x | J52: v | K52: x | L52: x | M52: x | N52: x | O52: x | P52: x | Q52: x | R52: =A52 -> Carrera en bici
A53: Interferencias | B53: ORO | C53: v | D53: x | E53: x | F53: ORO | G53: x | H53: ORO | I53: v | J53: v | K53: x | L53: v | M53: x | N53: x | O53: x | P53: x | Q53: x | R53: =A53 -> Interferencias
A54: Baloncesto partido | B54: ORO | C54: x | D54: x | E54: x | F54: x | G54: x | H54: x | I54: x | J54: PLATA | K54: x | L54: x | M54: x | N54: x | O54: x | P54: x | Q54: x | R54: =A54 -> Baloncesto partido
A55: -1 | B55: ORO | C55: BRONCE | D55: x | E55: x | F55: PLATA | G55: x | H55: x | I55: x | J55: v | K55: x | L55: x | M55: x | N55: x | O55: x | P55: x | Q55: x | R55: =A55 -> -1
A56: Frontón | B56: x | C56: x | D56: x | E56: x | F56: x | G56: x | H56: ORO | I56: ORO | J56: x | K56: x | L56: x | M56: x | N56: x | O56: x | P56: x | Q56: x | R56: =A56 -> Frontón
A57: Porra partido | B57: ORO | C57: ORO | D57: x | E57: x | F57: v | G57: x | H57: v | I57: v | J57: v | K57: x | L57: v | M57: x | N57: x | O57: v | P57: x | Q57: x | R57: =A57 -> Porra partido
A58: Carrera bici | B58: x | C58: PLATA | D58: x | E58: x | F58: ORO | G58: x | H58: x | I58: BRONCE | J58: v | K58: x | L58: x | M58: x | N58: x | O58: x | P58: x | Q58: x | R58: =A58 -> Carrera bici
A59: Mario Kart | B59: x | C59: PLATA | D59: x | E59: x | F59: ORO | G59: x | H59: BRONCE | I59: v | J59: v | K59: x | L59: x | M59: x | N59: x | O59: x | P59: x | Q59: x | R59: =A59 -> Mario Kart
A60: Aviones | B60: PLATA | C60: v | D60: x | E60: x | F60: v | G60: x | H60: BRONCE | I60: ORO | J60: v | K60: x | L60: x | M60: x | N60: x | O60: x | P60: x | Q60: x | R60: =A60 -> Aviones
A61: Chapas | B61: ORO | C61: v | D61: x | E61: x | F61: v | G61: x | H61: PLATA | I61: v | J61: BRONCE | K61: x | L61: x | M61: x | N61: x | O61: x | P61: x | Q61: x | R61: =A61 -> Chapas
A62: Canicas | B62: ORO | C62: PLATA | D62: x | E62: x | F62: BRONCE | G62: x | H62: BRONCE | I62: BRONCE | J62: BRONCE | K62: x | L62: x | M62: x | N62: x | O62: x | P62: x | Q62: x | R62: =A62 -> Canicas
A63: Porra | B63: v | C63: v | D63: x | E63: x | F63: v | G63: v | H63: v | I63: ORO | J63: v | K63: x | L63: x | M63: x | N63: x | O63: v | P63: v | Q63: x | R63: =A63 -> Porra
A64: Petanca | B64: v | C64: v | D64: x | E64: x | F64: PLATA | G64: ORO | H64: BRONCE | I64: ORO | J64: PLATA | K64: x | L64: x | M64: x | N64: x | O64: x | P64: x | Q64: x | R64: =A64 -> Petanca
A65: Toques balón fútbol | B65: ORO | C65: BRONCE | D65: x | E65: x | F65: PLATA | G65: v | H65: v | I65: v | J65: v | K65: x | L65: x | M65: x | N65: x | O65: x | P65: x | Q65: x | R65: =A65 -> Toques balón fútbol
A66: Lanzamiento de cacahuete | B66: PLATA | C66: BRONCE | D66: x | E66: x | F66: ORO | G66: v | H66: v | I66: v | J66: v | K66: x | L66: x | M66: x | N66: x | O66: x | P66: x | Q66: x | R66: =A66 -> Lanzamiento de cacahuete
A67: Pasar frisbee | B67: x | C67: PLATA | D67: x | E67: x | F67: BRONCE | G67: ORO | H67: ORO | I67: PLATA | J67: BRONCE | K67: x | L67: x | M67: x | N67: x | O67: x | P67: x | Q67: x | R67: =A67 -> Pasar frisbee
... A73: Mentiroso | B73: v | C73: v | D73: x | E73: x | F73: ORO | G73: x | H73: ORO | I73: v | J73: ORO | K73: x | L73: x | M73: x | N73: x | O73: x | P73: x | Q73: x | R73: =A73 -> Mentiroso
A100: v | B100: {=SUM(IF(B2:B99="v",1))} -> 19 | C100: {=SUM(IF(C2:C99="v",1))} -> 24 | D100: {=SUM(IF(D2:D99="v",1))} -> 0 | E100: {=SUM(IF(E2:E99="v",1))} -> 10 | F100: {=SUM(IF(F2:F99="v",1))} -> 21 | G100: {=SUM(IF(G2:G99="v",1))} -> 15 | H100: {=SUM(IF(H2:H99="v",1))} -> 29 | I100: {=SUM(IF(I2:I99="v",1))} -> 25 | ... Q100: {=SUM(IF(Q2:Q99="v",1))} -> 10 | R100: v
A101: x | B101: {=SUM(IF(B2:B99="x",1))} -> 7 | C101: {=SUM(IF(C2:C99="x",1))} -> 23 | D101: {=SUM(IF(D2:D99="x",1))} -> 72 | E101: {=SUM(IF(E2:E99="x",1))} -> 47 | F101: {=SUM(IF(F2:F99="x",1))} -> 2 | G101: {=SUM(IF(G2:G99="x",1))} -> 44 | H101: {=SUM(IF(H2:H99="x",1))} -> 16 | I101: {=SUM(IF(I2:I99="x",1))} -> 17 | ... Q101: {=SUM(IF(Q2:Q99="x",1))} -> 55 | R101: x
A102: Participaciones | B102: =B100+B103+B104+B105 -> 65 | C102: =C100+C103+C104+C105 -> 49 | D102: =D100+D103+D104+D105 -> 0 | E102: =E100+E103+E104+E105 -> 25 | F102: =F100+F103+F104+F105 -> 70 | G102: =G100+G103+G104+G105 -> 28 | H102: =H100+H103+H104+H105 -> 56 | I102: =I100+I103+I104+I105 -> 55 | ... Q102: =Q100+Q103+Q104+Q105 -> 17 | R102: Participaciones
A103: BRONCE | B103: {=SUM(IF(B$2:B$99=$A103,1))} -> 11 | C103: {=SUM(IF(C$2:C$99=$A103,1))} -> 8 | D103: {=SUM(IF(D$2:D$99=$A103,1))} -> 0 | E103: {=SUM(IF(E$2:E$99=$A103,1))} -> 2 | F103: {=SUM(IF(F$2:F$99=$A103,1))} -> 10 | G103: {=SUM(IF(G$2:G$99=$A103,1))} -> 2 | H103: {=SUM(IF(H$2:H$99=$A103,1))} -> 7 | I103: {=SUM(IF(I$2:I$99=$A103,1))} -> 7 | ... Q103: {=SUM(IF(Q$2:Q$99=$A103,1))} -> 1 | R103: BRONCE
A104: PLATA | B104: {=SUM(IF(B$2:B$99=$A104,1))} -> 13 | C104: {=SUM(IF(C$2:C$99=$A104,1))} -> 10 | D104: {=SUM(IF(D$2:D$99=$A104,1))} -> 0 | E104: {=SUM(IF(E$2:E$99=$A104,1))} -> 5 | F104: {=SUM(IF(F$2:F$99=$A104,1))} -> 16 | G104: {=SUM(IF(G$2:G$99=$A104,1))} -> 6 | H104: {=SUM(IF(H$2:H$99=$A104,1))} -> 9 | I104: {=SUM(IF(I$2:I$99=$A104,1))} -> 8 | ... Q104: {=SUM(IF(Q$2:Q$99=$A104,1))} -> 4 | R104: PLATA
A105: ORO | B105: {=SUM(IF(B$2:B$99=$A105,1))} -> 22 | C105: {=SUM(IF(C$2:C$99=$A105,1))} -> 7 | D105: {=SUM(IF(D$2:D$99=$A105,1))} -> 0 | E105: {=SUM(IF(E$2:E$99=$A105,1))} -> 8 | F105: {=SUM(IF(F$2:F$99=$A105,1))} -> 23 | G105: {=SUM(IF(G$2:G$99=$A105,1))} -> 5 | H105: {=SUM(IF(H$2:H$99=$A105,1))} -> 11 | I105: {=SUM(IF(I$2:I$99=$A105,1))} -> 15 | ... Q105: {=SUM(IF(Q$2:Q$99=$A105,1))} -> 2 | R105: ORO
A106: Puntos | B106: =B103+B104*2+B105*3 -> 103 | C106: =C103+C104*2+C105*3 -> 49 | D106: =D103+D104*2+D105*3 -> 0 | E106: =E103+E104*2+E105*3 -> 36 | F106: =F103+F104*2+F105*3 -> 111 | G106: =G103+G104*2+G105*3 -> 29 | H106: =H103+H104*2+H105*3 -> 58 | I106: =I103+I104*2+I105*3 -> 68 | ... Q106: =Q103+Q104*2+Q105*3 -> 15 | R106: Puntos
A107: Promedio | B107: =IF(B100+B103+B104+B105<>0,B106/(B100+B103+B104+B105),0) -> 1.5846154 | C107: =IF(C100+C103+C104+C105<>0,C106/(C100+C103+C104+C105),0) -> 1 | D107: =IF(D100+D103+D104+D105<>0,D106/(D100+D103+D104+D105),0) -> 0 | E107: =IF(E100+E103+E104+E105<>0,E106/(E100+E103+E104+E105),0) -> 1.44 | F107: =IF(F100+F103+F104+F105<>0,F106/(F100+F103+F104+F105),0) -> 1.5857143 | G107: =IF(G100+G103+G104+G105<>0,G106/(G100+G103+G104+G105),0) -> 1.0357143 | H107: =IF(H100+H103+H104+H105<>0,H106/(H100+H103+H104+H105),0) -> 1.0357143 | I107: =IF(I100+I103+I104+I105<>0,I106/(I100+I103+I104+I105),0) -> 1.2363636 | ... Q107: =IF(Q100+Q103+Q104+Q105<>0,Q106/(Q100+Q103+Q104+Q105),0) -> 0.88235294 | R107: Promedio
A108: Nº medallas | B108: =B105+B104+B103 -> 46 | C108: =C105+C104+C103 -> 25 | D108: =D105+D104+D103 -> 0 | E108: =E105+E104+E103 -> 15 | F108: =F105+F104+F103 -> 49 | G108: =G105+G104+G103 -> 13 | H108: =H105+H104+H103 -> 27 | I108: =I105+I104+I103 -> 30 | ... Q108: =Q105+Q104+Q103 -> 7 | R108: Nº medallas
A109: Check | B109: =B102+B101 -> 72 | C109: =C102+C101 -> 72 | D109: =D102+D101 -> 72 | E109: =E102+E101 -> 72 | F109: =F102+F101 -> 72 | G109: =G102+G101 -> 72 | H109: =H102+H101 -> 72 | I109: =I102+I101 -> 72 | ... Q109: =Q102+Q101 -> 72 | R109: Check
A111: Daypo | B111: =B106+G106+J106+I106 -> 254 | D111: Daypo adultos | E111: =B106+G106 -> 132 | G111: Daypo jóvenes | H111: =I106+J106 -> 122 | J111: participaciones | K111: =B102+G102+I102+J102 -> 215 | M111: promedio | N111: =B111/K111 -> 1.1813953 | R111: Daypo
A112: Castrillo | B112: =C106+E106+H106+L106+M106 -> 147 | D112: Castrillo adulto | E112: =M106+L106 -> 4 | G112: Castrillo jóvenes | H112: =C106+E106+H106 -> 143 | J112: participaciones | K112: =C102+E102+H102+L102+M102 -> 136 | M112: promedio | N112: =B112/K112 -> 1.0808824 | R112: Castrillo
A113: Arroni Del Riego | B113: =D106+F106+K106+N106 -> 111 | D113: Del Riego adulto | E113: =K106+N106 -> 0 | G113: Del Riego jóvenes | H113: =D106+F106 -> 111 | J113: participaciones | K113: =D102+F102+K102+N102 -> 70 | M113: promedio | N113: =B113/K113 -> 1.5857143 | R113: Arroni Del Riego
B115: =B1 -> David | C115: =C1 -> Carlos | D115: =D1 -> Laura | E115: =E1 -> Jorge | F115: =F1 -> Sergio | G115: =G1 -> Poli | H115: =H1 -> Nuria | I115: =I1 -> Sara | ... Q115: =Q1 -> Hana
A117: Jóvenes | B117: =H111+H112+H113 -> 376 | E117: Adultos | F117: =E111+E112+E113 -> 136
A119: Campeón | B119: Sergio | C119: con | D119: =F106 -> 111 | E119: puntos | F119: Sergio | Q119: =B119 -> Sergio | R119: Campeón
A121: TOTAL | O121: abuelos | R121: TOTAL
A122: puntos | B122: =B106+'2017'!B122 -> 740.75 | C122: =C106+'2017'!C122 -> 432.5 | D122: =D106+'2017'!D122 -> 338 | E122: =E106+'2017'!E122 -> 526.25 | F122: =F106+'2017'!F122 -> 726.25 | G122: =G106+'2017'!G122 -> 233 | H122: =H106+'2017'!H122 -> 264.25 | I122: =I106+'2017'!I122 -> 347.5 | ... N122: =N106+'2017'!N122 -> 12 | O122: ='2017'!O122+O106+P106 -> 38.25 | P122: <---------------- | Q122: =Q106+'2017'!Q122 -> 23 | R122: puntos
A124: victorias totales | B124: ='2015'!B119 -> 3 | C124: ='2015'!C119 -> 2 | D124: ='2015'!D119 -> 0 | E124: ='2015'!E119 -> 1 | F124: 5 | G124: ='2015'!G119 -> 0 | H124: ='2015'!H119 -> 0 | I124: ='2015'!I119 -> 0 | J124: ='2015'!J119 -> 0 | K124: ='2015'!K119 -> 0 | L124: ='2015'!L119 -> 0 | M124: ='2015'!M119 -> 0 | N124: ='2015'!N119 -> 0 | O124: ='2015'!O119 -> 0 | P124: <---------------- | Q124: 0 | R124: victorias totales
A126: total de pruebas desde 2009 | C126: ='2017'!C126+B109 -> 528

Sheet 2019
A1: 2019 | B1: David | C1: Carlos | D1: Laura | E1: Jorge | F1: Sergio | G1: Poli | H1: Nuria | I1: Sara | J1: Dario | K1: Pedro | L1: Inés | M1: Chema | N1: Maite | O1: Anuncia | P1: Roberto | Q1: Hana | R1: Antonio | S1: Annie (USA) | T1: =A1 -> 2019
A2: Carcassonne | B2: x | C2: x | D2: x | E2: x | F2: BRONCE | G2: x | H2: PLATA | I2: x | J2: x | K2: x | L2: ORO | M2: x | N2: x | O2: v | P2: x | Q2: x | R2: x | S2: v | T2: =A2 -> Carcassonne
A3: Chinchón | B3: x | C3: x | D3: x | E3: x | F3: PLATA | G3: x | H3: ORO | I3: x | J3: x | K3: x | L3: x | M3: x | N3: x | O3: BRONCE | P3: x | Q3: x | R3: x | S3: x | T3: =A3 -> Chinchón
A4: Mentiroso | B4: x | C4: x | D4: x | E4: x | F4: ORO | G4: x | H4: PLATA | I4: x | J4: x | K4: x | L4: x | M4: x | N4: x | O4: BRONCE | P4: x | Q4: x | R4: x | S4: x | T4: =A4 -> Mentiroso
A5: Dardos | B5: x | C5: x | D5: x | E5: x | F5: PLATA | G5: x | H5: BRONCE | I5: x | J5: x | K5: x | L5: x | M5: x | N5: x | O5: ORO | P5: x | Q5: x | R5: x | S5: x | T5: =A5 -> Dardos
A6: Cinquillo | B6: x | C6: x | D6: x | E6: x | F6: PLATA | G6: x | H6: BRONCE | I6: x | J6: x | K6: x | L6: x | M6: x | N6: x | O6: ORO | P6: x | Q6: x | R6: x | S6: x | T6: =A6 -> Cinquillo
A7: Cinquillo | B7: x | C7: x | D7: x | E7: x | F7: BRONCE | G7: x | H7: ORO | I7: x | J7: x | K7: x | L7: x | M7: x | N7: x | O7: PLATA | P7: x | Q7: x | R7: x | S7: x | T7: =A7 -> Cinquillo
A8: Cinquillo | B8: x | C8: x | D8: x | E8: x | F8: ORO | G8: x | H8: BRONCE | I8: x | J8: x | K8: x | L8: x | M8: x | N8: x | O8: PLATA | P8: x | Q8: x | R8: x | S8: x | T8: =A8 -> Cinquillo
A9: Petanca | B9: x | C9: x | D9: x | E9: x | F9: PLATA | G9: x | H9: ORO | I9: x | J9: x | K9: x | L9: x | M9: x | N9: x | O9: BRONCE | P9: x | Q9: x | R9: x | S9: x | T9: =A9 -> Petanca
A10: Carcassonne | B10: x | C10: x | D10: x | E10: x | F10: ORO | G10: x | H10: PLATA | I10: x | J10: x | K10: x | L10: x | M10: x | N10: x | O10: BRONCE | P10: x | Q10: x | R10: x | S10: x | T10: =A10 -> Carcassonne
A11: Fútbol | B11: ORO | C11: x | D11: x | E11: x | F11: ORO | G11: PLATA | H11: x | I11: PLATA | J11: ORO | K11: x | L11: x | M11: x | N11: x | O11: x | P11: x | Q11: x | R11: x | S11: x | T11: =A11 -> Fútbol
A12: Call of Duty | B12: BRONCE | C12: x | D12: x | E12: v | F12: ORO | G12: x | H12: x | I12: x | J12: PLATA | K12: x | L12: x | M12: x | N12: x | O12: x | P12: x | Q12: x | R12: x | S12: x | T12: =A12 -> Call of Duty
A13: Call of Duty | B13: BRONCE | C13: x | D13: x | E13: v | F13: ORO | G13: x | H13: x | I13: x | J13: PLATA | K13: x | L13: x | M13: x | N13: x | O13: x | P13: x | Q13: x | R13: x | S13: x | T13: =A13 -> Call of Duty
... A48: Magic (cartas) | B48: ORO | C48: x | D48: x | E48: x | F48: PLATA | G48: x | H48: x | I48: x | J48: BRONCE | K48: x | L48: x | M48: x | N48: x | O48: x | P48: x | Q48: x | R48: x | S48: x | T48: =A48 -> Magic (cartas)
A49: -1 | B49: v | C49: x | D49: v | E49: x | F49: PLATA | G49: x | H49: v | I49: ORO | J49: v | K49: BRONCE | L49: x | M49: x | N49: x | O49: x | P49: x | Q49: x | R49: v | S49: x | T49: =A49 -> -1
A50: Fútbol | B50: v | C50: x | D50: ORO | E50: x | F50: ORO | G50: x | H50: x | I50: v | J50: ORO | K50: v | L50: x | M50: x | N50: x | O50: x | P50: x | Q50: x | R50: ORO | S50: x | T50: =A50 -> Fútbol
A51: Ajedrez | B51: v | C51: x | D51: v | E51: x | F51: PLATA | G51: x | H51: BRONCE | I51: x | J51: v | K51: x | L51: x | M51: x | N51: x | O51: x | P51: x | Q51: x | R51: ORO | S51: x | T51: =A51 -> Ajedrez
A52: Mario Kart | B52: x | C52: x | D52: v | E52: x | F52: ORO | G52: x | H52: BRONCE | I52: x | J52: x | K52: x | L52: x | M52: x | N52: x | O52: x | P52: x | Q52: x | R52: PLATA | S52: x | T52: =A52 -> Mario Kart
A53: Mario Kart | B53: x | C53: x | D53: ORO | E53: x | F53: PLATA | G53: x | H53: ORO | I53: x | J53: PLATA | K53: x | L53: x | M53: x | N53: x | O53: x | P53: x | Q53: x | R53: ORO | S53: x | T53: =A53 -> Mario Kart
A54: Baloncesto | B54: v | C54: x | D54: x | E54: x | F54: ORO | G54: x | H54: x | I54: v | J54: x | K54: x | L54: x | M54: x | N54: x | O54: x | P54: x | Q54: x | R54: ORO | S54: x | T54: =A54 -> Baloncesto
A55: Burro | B55: ORO | C55: x | D55: v | E55: x | F55: v | G55: x | H55: PLATA | I55: x | J55: v | K55: x | L55: x | M55: x | N55: x | O55: x | P55: x | Q55: x | R55: BRONCE | S55: x | T55: =A55 -> Burro
A56: Voleibol | B56: ORO | C56: x | D56: PLATA | E56: x | F56: ORO | G56: x | H56: PLATA | I56: ORO | J56: ORO | K56: x | L56: x | M56: x | N56: x | O56: x | P56: x | Q56: x | R56: PLATA | S56: x | T56: =A56 -> Voleibol
A57: Badminton | B57: ORO | C57: x | D57: PLATA | E57: x | F57: BRONCE | G57: x | H57: BRONCE | I57: ORO | J57: BRONCE | K57: x | L57: x | M57: x | N57: x | O57: x | P57: x | Q57: x | R57: PLATA | S57: x | T57: =A57 -> Badminton
A58: Badminton solo | B58: BRONCE | C58: x | D58: v | E58: x | F58: v | G58: x | H58: v | I58: PLATA | J58: v | K58: x | L58: x | M58: x | N58: x | O58: x | P58: x | Q58: x | R58: ORO | S58: x | T58: =A58 -> Badminton solo
A59: Interferencias | B59: BRONCE | C59: x | D59: BRONCE | E59: x | F59: ORO | G59: x | H59: PLATA | I59: x | J59: BRONCE | K59: x | L59: x | M59: x | N59: x | O59: x | P59: x | Q59: x | R59: BRONCE | S59: x | T59: =A59 -> Interferencias
A60: Trenes | B60: ORO | C60: x | D60: PLATA | E60: x | F60: BRONCE | G60: x | H60: v | I60: v | J60: BRONCE | K60: x | L60: x | M60: x | N60: x | O60: x | P60: x | Q60: x | R60: PLATA | S60: x | T60: =A60 -> Trenes
A61: ¿Alguien ha probado este juego? | B61: v | C61: x | D61: v | E61: x | F61: ORO | G61: x | H61: PLATA | I61: x | J61: PLATA | K61: x | L61: x | M61: x | N61: x | O61: x | P61: x | Q61: x | R61: v | S61: x | T61: =A61 -> ¿Alguien ha probado este juego?
... A65: Burro | B65: PLATA | C65: x | D65: v | E65: x | F65: ORO | G65: x | H65: v | I65: x | J65: x | K65: x | L65: x | M65: x | N65: x | O65: x | P65: x | Q65: x | R65: BRONCE | S65: x | T65: =A65 -> Burro
A66: -1 | B66: ORO | C66: x | D66: v | E66: x | F66: PLATA | G66: x | H66: v | I66: v | J66: v | K66: x | L66: x | M66: x | N66: x | O66: x | P66: x | Q66: x | R66: BRONCE | S66: x | T66: =A66 -> -1
A67: Sprint | B67: x | C67: x | D67: x | E67: x | F67: PLATA | G67: x | H67: v | I67: BRONCE | J67: v | K67: x | L67: x | M67: x | N67: x | O67: x | P67: x | Q67: x | R67: ORO | S67: x | T67: =A67 -> Sprint
A68: Aviones de papel | B68: ORO | C68: x | D68: v | E68: x | F68: v | G68: x | H68: v | I68: BRONCE | J68: v | K68: x | L68: x | M68: x | N68: x | O68: x | P68: x | Q68: x | R68: PLATA | S68: x | T68: =A68 -> Aviones de papel
A69: Lanzamiento pelota | B69: BRONCE | C69: x | D69: v | E69: x | F69: ORO | G69: x | H69: v | I69: v | J69: v | K69: x | L69: x | M69: x | N69: x | O69: x | P69: x | Q69: x | R69: PLATA | S69: x | T69: =A69 -> Lanzamiento pelota
A70: Punteria lanzar pelota | B70: v | C70: x | D70: PLATA | E70: x | F70: v | G70: x | H70: BRONCE | I70: ORO | J70: v | K70: x | L70: x | M70: x | N70: x | O70: x | P70: x | Q70: x | R70: v | S70: x | T70: =A70 -> Punteria lanzar pelota
A71: Lanzamiento beisol | B71: PLATA | C71: x | D71: x | E71: x | F71: BRONCE | G71: x | H71: BRONCE | I71: ORO | J71: PLATA | K71: x | L71: x | M71: x | N71: x | O71: x | P71: x | Q71: x | R71: ORO | S71: x | T71: =A71 -> Lanzamiento beisol
A72: Lanzamiento pareja | B72: BRONCE | C72: x | D72: x | E72: x | F72: PLATA | G72: x | H72: PLATA | I72: ORO | J72: BRONCE | K72: x | L72: x | M72: x | N72: x | O72: x | P72: x | Q72: x | R72: ORO | S72: x | T72: =A72 -> Lanzamiento pareja
A73: Beisbol | B73: PLATA | C73: x | D73: x | E73: x | F73: ORO | G73: x | H73: PLATA | I73: x | J73: ORO | K73: x | L73: x | M73: x | N73: x | O73: x | P73: x | Q73: x | R73: x | S73: x | T73: =A73 -> Beisbol
A74: Mario Kart | B74: v | C74: x | D74: x | E74: x | F74: ORO | G74: x | H74: BRONCE | I74: x | J74: v | K74: x | L74: x | M74: x | N74: x | O74: x | P74: x | Q74: x | R74: PLATA | S74: x | T74: =A74 -> Mario Kart
A75: Palabras encadenadas | B75: x | C75: x | D75: ORO | E75: x | F75: BRONCE | G75: x | H75: PLATA | I75: x | J75: x | K75: x | L75: x | M75: x | N75: x | O75: x | P75: x | Q75: x | R75: v | S75: x | T75: =A75 -> Palabras encadenadas
A76: Call of Duty | B76: ORO | C76: x | D76: x | E76: x | F76: ORO | G76: x | H76: x | I76: x | J76: PLATA | K76: x | L76: x | M76: x | N76: x | O76: x | P76: x | Q76: x | R76: x | S76: x | T76: =A76 -> Call of Duty
A77: Ajedrez | B77: v | C77: x | D77: x | E77: x | F77: PLATA | G77: x | H77: v | I77: x | J77: x | K77: x | L77: x | M77: x | N77: x | O77: x | P77: x | Q77: x | R77: ORO | S77: x | T77: =A77 -> Ajedrez
A78: Dardos | B78: BRONCE | C78: x | D78: v | E78: x | F78: v | G78: x | H78: PLATA | I78: v | J78: v | K78: x | L78: x | M78: x | N78: x | O78: x | P78: x | Q78: x | R78: ORO | S78: x | T78: =A78 -> Dardos
... A93: Mario Kart | B93: x | C93: x | D93: PLATA | E93: x | F93: x | G93: x | H93: BRONCE | I93: x | J93: x | K93: x | L93: x | M93: x | N93: x | O93: x | P93: x | Q93: x | R93: ORO | S93: x | T93: =A93 -> Mario Kart
A100: v | B100: {=SUM(IF(B2:B99="v",1))} -> 21 | C100: {=SUM(IF(C2:C99="v",1))} -> 1 | D100: {=SUM(IF(D2:D99="v",1))} -> 18 | E100: {=SUM(IF(E2:E99="v",1))} -> 2 | F100: {=SUM(IF(F2:F99="v",1))} -> 16 | G100: {=SUM(IF(G2:G99="v",1))} -> 4 | H100: {=SUM(IF(H2:H99="v",1))} -> 34 | I100: {=SUM(IF(I2:I99="v",1))} -> 27 | ... S100: {=SUM(IF(S2:S99="v",1))} -> 1 | T100: v
A101: x | B101: {=SUM(IF(B2:B99="x",1))} -> 20 | C101: {=SUM(IF(C2:C99="x",1))} -> 91 | D101: {=SUM(IF(D2:D99="x",1))} -> 57 | E101: {=SUM(IF(E2:E99="x",1))} -> 90 | F101: {=SUM(IF(F2:F99="x",1))} -> 2 | G101: {=SUM(IF(G2:G99="x",1))} -> 80 | H101: {=SUM(IF(H2:H99="x",1))} -> 19 | I101: {=SUM(IF(I2:I99="x",1))} -> 38 | ... S101: {=SUM(IF(S2:S99="x",1))} -> 91 | T101: x
A102: Participaciones | B102: =B100+B103+B104+B105 -> 72 | C102: =C100+C103+C104+C105 -> 1 | D102: =D100+D103+D104+D105 -> 35 | E102: =E100+E103+E104+E105 -> 2 | F102: =F100+F103+F104+F105 -> 90 | G102: =G100+G103+G104+G105 -> 12 | H102: =H100+H103+H104+H105 -> 73 | I102: =I100+I103+I104+I105 -> 54 | ... S102: =S100+S103+S104+S105 -> 1 | T102: Participaciones
A103: BRONCE | B103: {=SUM(IF(B$2:B$99=$A103,1))} -> 9 | C103: {=SUM(IF(C$2:C$99=$A103,1))} -> 0 | D103: {=SUM(IF(D$2:D$99=$A103,1))} -> 4 | E103: {=SUM(IF(E$2:E$99=$A103,1))} -> 0 | F103: {=SUM(IF(F$2:F$99=$A103,1))} -> 14 | G103: {=SUM(IF(G$2:G$99=$A103,1))} -> 1 | H103: {=SUM(IF(H$2:H$99=$A103,1))} -> 15 | I103: {=SUM(IF(I$2:I$99=$A103,1))} -> 5 | ... S103: {=SUM(IF(S$2:S$99=$A103,1))} -> 0 | T103: BRONCE
A104: PLATA | B104: {=SUM(IF(B$2:B$99=$A104,1))} -> 15 | C104: {=SUM(IF(C$2:C$99=$A104,1))} -> 0 | D104: {=SUM(IF(D$2:D$99=$A104,1))} -> 7 | E104: {=SUM(IF(E$2:E$99=$A104,1))} -> 0 | F104: {=SUM(IF(F$2:F$99=$A104,1))} -> 24 | G104: {=SUM(IF(G$2:G$99=$A104,1))} -> 6 | H104: {=SUM(IF(H$2:H$99=$A104,1))} -> 16 | I104: {=SUM(IF(I$2:I$99=$A104,1))} -> 11 | ... S104: {=SUM(IF(S$2:S$99=$A104,1))} -> 0 | T104: PLATA
A105: ORO | B105: {=SUM(IF(B$2:B$99=$A105,1))} -> 27 | C105: {=SUM(IF(C$2:C$99=$A105,1))} -> 0 | D105: {=SUM(IF(D$2:D$99=$A105,1))} -> 6 | E105: {=SUM(IF(E$2:E$99=$A105,1))} -> 0 | F105: {=SUM(IF(F$2:F$99=$A105,1))} -> 36 | G105: {=SUM(IF(G$2:G$99=$A105,1))} -> 1 | H105: {=SUM(IF(H$2:H$99=$A105,1))} -> 8 | I105: {=SUM(IF(I$2:I$99=$A105,1))} -> 11 | ... S105: {=SUM(IF(S$2:S$99=$A105,1))} -> 0 | T105: ORO
A106: Puntos | B106: =B103+B104*2+B105*3 -> 120 | C106: =C103+C104*2+C105*3 -> 0 | D106: =D103+D104*2+D105*3 -> 36 | E106: =E103+E104*2+E105*3 -> 0 | F106: =F103+F104*2+F105*3 -> 170 | G106: =G103+G104*2+G105*3 -> 16 | H106: =H103+H104*2+H105*3 -> 71 | I106: =I103+I104*2+I105*3 -> 60 | ... S106: =S103+S104*2+S105*3 -> 0 | T106: Puntos
A107: Promedio | B107: =IF(B100+B103+B104+B105<>0,B106/(B100+B103+B104+B105),0) -> 1.6666667 | C107: =IF(C100+C103+C104+C105<>0,C106/(C100+C103+C104+C105),0) -> 0 | D107: =IF(D100+D103+D104+D105<>0,D106/(D100+D103+D104+D105),0) -> 1.0285714 | E107: =IF(E100+E103+E104+E105<>0,E106/(E100+E103+E104+E105),0) -> 0 | F107: =IF(F100+F103+F104+F105<>0,F106/(F100+F103+F104+F105),0) -> 1.8888889 | G107: =IF(G100+G103+G104+G105<>0,G106/(G100+G103+G104+G105),0) -> 1.3333333 | H107: =IF(H100+H103+H104+H105<>0,H106/(H100+H103+H104+H105),0) -> 0.97260274 | I107: =IF(I100+I103+I104+I105<>0,I106/(I100+I103+I104+I105),0) -> 1.1111111 | ... S107: =IF(S100+S103+S104+S105<>0,S106/(S100+S103+S104+S105),0) -> 0 | T107: Promedio
A108: Nº medallas | B108: =B105+B104+B103 -> 51 | C108: =C105+C104+C103 -> 0 | D108: =D105+D104+D103 -> 17 | E108: =E105+E104+E103 -> 0 | F108: =F105+F104+F103 -> 74 | G108: =G105+G104+G103 -> 8 | H108: =H105+H104+H103 -> 39 | I108: =I105+I104+I103 -> 27 | ... S108: =S105+S104+S103 -> 0 | T108: Nº medallas
A109: Check | B109: =B102+B101 -> 92 | C109: =C102+C101 -> 92 | D109: =D102+D101 -> 92 | E109: =E102+E101 -> 92 | F109: =F102+F101 -> 92 | G109: =G102+G101 -> 92 | H109: =H102+H101 -> 92 | I109: =I102+I101 -> 92 | ... S109: =S102+S101 -> 92 | T109: Check
A111: Daypo | B111: =B106+G106+J106+I106 -> 266 | D111: Daypo adultos | E111: =B106+G106 -> 136 | G111: Daypo jóvenes | H111: =I106+J106 -> 130 | J111: participaciones | K111: =B102+G102+I102+J102 -> 208 | M111: promedio | N111: =B111/K111 -> 1.2788462 | T111: Daypo
A112: Castrillo | B112: =C106+E106+H106+L106+M106 -> 74 | D112: Castrillo adulto | E112: =M106+L106 -> 3 | G112: Castrillo jóvenes | H112: =C106+E106+H106 -> 71 | J112: participaciones | K112: =C102+E102+H102+L102+M102 -> 77 | M112: promedio | N112: =B112/K112 -> 0.96103896 | T112: Castrillo
A113: Arroni Del Riego | B113: =D106+F106+K106+N106 -> 236 | D113: Del Riego adulto | E113: =K106+N106 -> 30 | G113: Del Riego jóvenes | H113: =D106+F106 -> 206 | J113: participaciones | K113: =D102+F102+K102+N102 -> 145 | M113: promedio | N113: =B113/K113 -> 1.6275862 | T113: Arroni Del Riego
B115: =B1 -> David | C115: =C1 -> Carlos | D115: =D1 -> Laura | E115: =E1 -> Jorge | F115: =F1 -> Sergio | G115: =G1 -> Poli | H115: =H1 -> Nuria | I115: =I1 -> Sara | ... S115: =S1 -> Annie (USA)
A117: Jóvenes | B117: =H111+H112+H113+S106 -> 407 | E117: Adultos | F117: =E111+E112+E113 -> 169
A119: Campeón | B119: Sergio | T119: Campeón
A121: TOTAL | O121: abuelos | T121: TOTAL
A122: puntos | B122: =B106+'2018'!B122 -> 860.75 | C122: =C106+'2018'!C122 -> 432.5 | D122: =D106+'2018'!D122 -> 374 | E122: =E106+'2018'!E122 -> 526.25 | F122: =F106+'2018'!F122 -> 896.25 | G122: =G106+'2018'!G122 -> 249 | H122: =H106+'2018'!H122 -> 335.25 | I122: =I106+'2018'!I122 -> 407.5 | ... N122: =N106+'2018'!N122 -> 12 | O122: ='2018'!O122+O106+P106 -> 53.25 | P122: <---------------- | Q122: =Q106+'2018'!Q122 -> 23 | R122: =R106 -> 72 | S122: =S106 -> 0 | T122: puntos
A124: victorias totales | B124: ='2015'!B119 -> 3 | C124: ='2015'!C119 -> 2 | D124: ='2015'!D119 -> 0 | E124: ='2015'!E119 -> 1 | F124: 6 | G124: ='2015'!G119 -> 0 | H124: ='2015'!H119 -> 0 | I124: ='2015'!I119 -> 0 | J124: ='2015'!J119 -> 0 | K124: ='2015'!K119 -> 0 | L124: ='2015'!L119 -> 0 | M124: ='2015'!M119 -> 0 | N124: ='2015'!N119 -> 0 | O124: ='2015'!O119 -> 0 | P124: <---------------- | Q124: 0 | R124: 0 | S124: 0 | T124: victorias totales
A126: total de pruebas desde 2009 | C126: ='2018'!C126+B109 -> 620
A128: =A1 -> 2019 | B128: =B1 -> David | C128: =C1 -> Carlos | D128: =D1 -> Laura | E128: =E1 -> Jorge | F128: =F1 -> Sergio | G128: =G1 -> Poli | H128: =H1 -> Nuria | ... S128: =S1 -> Annie (USA) | T128: =A128 -> 2019

Sheet 2020
A1: 2020
B2: Medallas perdidas
B4: Campeón Sergio

Sheet 2021
A1: 2021 | B1: David | C1: Carlos | D1: Laura | E1: Jorge | F1: Sergio | G1: Poli | H1: Nuria | I1: Sara | J1: Dario | K1: Pedro | L1: Inés | M1: Chema | N1: Maite | O1: Anuncia | P1: Roberto | Q1: Hana | R1: Antonio | S1: =A1 -> 2021
A2: Mario Kart | B2: x | C2: PLATA | D2: x | E2: x | F2: ORO | G2: x | H2: BRONCE | I2: x | J2: x | K2: x | L2: x | M2: x | N2: x | O2: x | P2: x | Q2: v | R2: x | S2: =A2 -> Mario Kart
A3: Código secreto | B3: x | C3: ORO | D3: x | E3: x | F3: PLATA | G3: x | H3: PLATA | I3: x | J3: x | K3: x | L3: x | M3: x | N3: x | O3: x | P3: x | Q3: ORO | R3: x | S3: =A3 -> Código secreto
A4: -1 | B4: x | C4: v | D4: x | E4: x | F4: ORO | G4: x | H4: BRONCE | I4: x | J4: x | K4: x | L4: x | M4: x | N4: x | O4: x | P4: x | Q4: PLATA | R4: x | S4: =A4 -> -1
A5: Criquet | B5: x | C5: BRONCE | D5: x | E5: x | F5: ORO | G5: x | H5: v | I5: x | J5: x | K5: x | L5: x | M5: PLATA | N5: x | O5: v | P5: x | Q5: BRONCE | R5: x | S5: =A5 -> Criquet
A6: Badminton | B6: x | C6: BRONCE | D6: x | E6: x | F6: ORO | G6: x | H6: ORO | I6: x | J6: x | K6: x | L6: PLATA | M6: PLATA | N6: x | O6: x | P6: x | Q6: BRONCE | R6: x | S6: =A6 -> Badminton
A7: Badminton individual | B7: x | C7: v | D7: x | E7: x | F7: ORO | G7: x | H7: PLATA | I7: x | J7: x | K7: x | L7: BRONCE | M7: v | N7: x | O7: x | P7: x | Q7: v | R7: x | S7: =A7 -> Badminton individual
A8: Lanzamiento avión | B8: x | C8: BRONCE | D8: x | E8: x | F8: ORO | G8: x | H8: v | I8: x | J8: x | K8: x | L8: x | M8: PLATA | N8: x | O8: x | P8: x | Q8: v | R8: x | S8: =A8 -> Lanzamiento avión
A9: Petanca desde balcón | B9: x | C9: v | D9: x | E9: x | F9: BRONCE | G9: x | H9: v | I9: x | J9: x | K9: x | L9: x | M9: ORO | N9: x | O9: x | P9: x | Q9: PLATA | R9: x | S9: =A9 -> Petanca desde balcón
A10: Lanzamiento pelota desde balcón | B10: x | C10: BRONCE | D10: x | E10: x | F10: PLATA | G10: x | H10: v | I10: x | J10: x | K10: x | L10: v | M10: v | N10: x | O10: x | P10: x | Q10: ORO | R10: x | S10: =A10 -> Lanzamiento pelota desde balcón
A11: Lanzamiento bádminton desde balcón | B11: x | C11: v | D11: x | E11: x | F11: PLATA | G11: x | H11: v | I11: x | J11: x | K11: x | L11: v | M11: ORO | N11: x | O11: x | P11: x | Q11: BRONCE | R11: x | S11: =A11 -> Lanzamiento bádminton desde balcón
A12: Lanzamiento de peso | B12: x | C12: v | D12: x | E12: x | F12: ORO | G12: x | H12: v | I12: x | J12: x | K12: x | L12: BRONCE | M12: PLATA | N12: x | O12: x | P12: x | Q12: v | R12: x | S12: =A12 -> Lanzamiento de peso
A13: Lanzamiento pelota | B13: x | C13: v | D13: x | E13: x | F13: BRONCE | G13: x | H13: v | I13: x | J13: x | K13: x | L13: BRONCE | M13: PLATA | N13: x | O13: x | P13: x | Q13: ORO | R13: x | S13: =A13 -> Lanzamiento pelota
A14: Fútbol | B14: PLATA | C14: ORO | D14: x | E14: x | F14: PLATA | G14: ORO | H14: PLATA | I14: ORO | J14: PLATA | K14: x | L14: PLATA | M14: ORO | N14: x | O14: x | P14: x | Q14: x | R14: x | S14: =A14 -> Fútbol
A15: Hombre lobo | B15: PLATA | C15: v | D15: x | E15: x | F15: PLATA | G15: v | H15: PLATA | I15: v | J15: PLATA | K15: x | L15: v | M15: PLATA | N15: x | O15: x | P15: x | Q15: ORO | R15: x | S15: =A15 -> Hombre lobo
A16: -1 | B16: ORO | C16: v | D16: x | E16: x | F16: PLATA | G16: v | H16: v | I16: BRONCE | J16: v | K16: x | L16: v | M16: v | N16: x | O16: x | P16: x | Q16: v | R16: x | S16: =A16 -> -1
A17: Catán | B17: PLATA | C17: BRONCE | D17: x | E17: x | F17: v | G17: v | H17: ORO | I17: v | J17: v | K17: x | L17: ORO | M17: x | N17: x | O17: x | P17: x | Q17: BRONCE | R17: x | S17: =A17 -> Catán
A18: Patchworld | B18: PLATA | C18: x | D18: x | E18: x | F18: ORO | G18: x | H18: ORO | I18: x | J18: PLATA | K18: x | L18: x | M18: x | N18: x | O18: x | P18: x | Q18: x | R18: x | S18: =A18 -> Patchworld
A19: Dardos | B19: PLATA | C19: x | D19: x | E19: x | F19: ORO | G19: BRONCE | H19: v | I19: x | J19: v | K19: x | L19: x | M19: x | N19: x | O19: x | P19: x | Q19: x | R19: x | S19: =A19 -> Dardos
A20: Lanzar dardos | B20: PLATA | C20: x | D20: x | E20: x | F20: ORO | G20: BRONCE | H20: v | I20: x | J20: v | K20: x | L20: x | M20: x | N20: x | O20: x | P20: x | Q20: x | R20: x | S20: =A20 -> Lanzar dardos
A21: Padel toques | B21: ORO | C21: x | D21: x | E21: x | F21: PLATA | G21: BRONCE | H21: v | I21: x | J21: v | K21: x | L21: x | M21: x | N21: x | O21: x | P21: x | Q21: x | R21: x | S21: =A21 -> Padel toques
A22: Mario Kart | B22: v | C22: x | D22: x | E22: x | F22: ORO | G22: x | H22: PLATA | I22: x | J22: BRONCE | K22: x | L22: x | M22: x | N22: x | O22: x | P22: x | Q22: x | R22: x | S22: =A22 -> Mario Kart
A23: Call of Duty | B23: BRONCE | C23: x | D23: x | E23: x | F23: ORO | G23: x | H23: x | I23: x | J23: PLATA | K23: x | L23: x | M23: x | N23: x | O23: x | P23: x | Q23: x | R23: x | S23: =A23 -> Call of Duty
A24: Juego Comunista | B24: PLATA | C24: x | D24: x | E24: x | F24: ORO | G24: x | H24: v | I24: x | J24: BRONCE | K24: x | L24: x | M24: x | N24: x | O24: x | P24: x | Q24: x | R24: x | S24: =A24 -> Juego Comunista
A25: Petanca | B25: PLATA | C25: x | D25: x | E25: x | F25: v | G25: PLATA | H25: v | I25: x | J25: PLATA | K25: x | L25: ORO | M25: ORO | N25: x | O25: v | P25: x | Q25: x | R25: x | S25: =A25 -> Petanca
A26: Alhambra | B26: v | C26: x | D26: x | E26: x | F26: PLATA | G26: v | H26: BRONCE | I26: ORO | J26: v | K26: x | L26: BRONCE | M26: x | N26: x | O26: x | P26: x | Q26: x | R26: x | S26: =A26 -> Alhambra
A27: Frontón | B27: v | C27: x | D27: x | E27: x | F27: PLATA | G27: BRONCE | H27: v | I27: ORO | J27: v | K27: x | L27: v | M27: v | N27: x | O27: x | P27: x | Q27: x | R27: x | S27: =A27 -> Frontón
A28: Frontón | B28: ORO | C28: x | D28: x | E28: x | F28: BRONCE | G28: v | H28: v | I28: x | J28: v | K28: x | L28: v | M28: PLATA | N28: x | O28: x | P28: x | Q28: x | R28: x | S28: =A28 -> Frontón
... A54: Mario Kart torneo | B54: x | C54: x | D54: x | E54: x | F54: PLATA | G54: x | H54: ORO | I54: v | J54: BRONCE | K54: x | L54: x | M54: x | N54: x | O54: x | P54: x | Q54: x | R54: x | S54: =A54 -> Mario Kart torneo
A100: v | B100: {=SUM(IF(B2:B99="v",1))} -> 12 | C100: {=SUM(IF(C2:C99="v",1))} -> 8 | D100: {=SUM(IF(D2:D99="v",1))} -> 0 | E100: {=SUM(IF(E2:E99="v",1))} -> 0 | F100: {=SUM(IF(F2:F99="v",1))} -> 6 | G100: {=SUM(IF(G2:G99="v",1))} -> 11 | H100: {=SUM(IF(H2:H99="v",1))} -> 26 | I100: {=SUM(IF(I2:I99="v",1))} -> 9 | ... R100: {=SUM(IF(R2:R99="v",1))} -> 0 | S100: v
A101: x | B101: {=SUM(IF(B2:B99="x",1))} -> 17 | C101: {=SUM(IF(C2:C99="x",1))} -> 37 | D101: {=SUM(IF(D2:D99="x",1))} -> 53 | E101: {=SUM(IF(E2:E99="x",1))} -> 53 | F101: {=SUM(IF(F2:F99="x",1))} -> 2 | G101: {=SUM(IF(G2:G99="x",1))} -> 30 | H101: {=SUM(IF(H2:H99="x",1))} -> 6 | I101: {=SUM(IF(I2:I99="x",1))} -> 21 | ... R101: {=SUM(IF(R2:R99="x",1))} -> 53 | S101: x
A102: Participaciones | B102: =B100+B103+B104+B105 -> 36 | C102: =C100+C103+C104+C105 -> 16 | D102: =D100+D103+D104+D105 -> 0 | E102: =E100+E103+E104+E105 -> 0 | F102: =F100+F103+F104+F105 -> 51 | G102: =G100+G103+G104+G105 -> 23 | H102: =H100+H103+H104+H105 -> 47 | I102: =I100+I103+I104+I105 -> 32 | ... R102: =R100+R103+R104+R105 -> 0 | S102: Participaciones
A103: BRONCE | B103: {=SUM(IF(B$2:B$99=$A103,1))} -> 5 | C103: {=SUM(IF(C$2:C$99=$A103,1))} -> 5 | D103: {=SUM(IF(D$2:D$99=$A103,1))} -> 0 | E103: {=SUM(IF(E$2:E$99=$A103,1))} -> 0 | F103: {=SUM(IF(F$2:F$99=$A103,1))} -> 7 | G103: {=SUM(IF(G$2:G$99=$A103,1))} -> 5 | H103: {=SUM(IF(H$2:H$99=$A103,1))} -> 6 | I103: {=SUM(IF(I$2:I$99=$A103,1))} -> 6 | ... R103: {=SUM(IF(R$2:R$99=$A103,1))} -> 0 | S103: BRONCE
A104: PLATA | B104: {=SUM(IF(B$2:B$99=$A104,1))} -> 12 | C104: {=SUM(IF(C$2:C$99=$A104,1))} -> 1 | D104: {=SUM(IF(D$2:D$99=$A104,1))} -> 0 | E104: {=SUM(IF(E$2:E$99=$A104,1))} -> 0 | F104: {=SUM(IF(F$2:F$99=$A104,1))} -> 13 | G104: {=SUM(IF(G$2:G$99=$A104,1))} -> 1 | H104: {=SUM(IF(H$2:H$99=$A104,1))} -> 8 | I104: {=SUM(IF(I$2:I$99=$A104,1))} -> 6 | ... R104: {=SUM(IF(R$2:R$99=$A104,1))} -> 0 | S104: PLATA
A105: ORO | B105: {=SUM(IF(B$2:B$99=$A105,1))} -> 7 | C105: {=SUM(IF(C$2:C$99=$A105,1))} -> 2 | D105: {=SUM(IF(D$2:D$99=$A105,1))} -> 0 | E105: {=SUM(IF(E$2:E$99=$A105,1))} -> 0 | F105: {=SUM(IF(F$2:F$99=$A105,1))} -> 25 | G105: {=SUM(IF(G$2:G$99=$A105,1))} -> 6 | H105: {=SUM(IF(H$2:H$99=$A105,1))} -> 7 | I105: {=SUM(IF(I$2:I$99=$A105,1))} -> 11 | ... R105: {=SUM(IF(R$2:R$99=$A105,1))} -> 0 | S105: ORO
A106: Puntos | B106: =B103+B104*2+B105*3 -> 50 | C106: =C103+C104*2+C105*3 -> 13 | D106: =D103+D104*2+D105*3 -> 0 | E106: =E103+E104*2+E105*3 -> 0 | F106: =F103+F104*2+F105*3 -> 108 | G106: =G103+G104*2+G105*3 -> 25 | H106: =H103+H104*2+H105*3 -> 43 | I106: =I103+I104*2+I105*3 -> 51 | ... R106: =R103+R104*2+R105*3 -> 0 | S106: Puntos
A107: Promedio | B107: =IF(B100+B103+B104+B105<>0,B106/(B100+B103+B104+B105),0) -> 1.3888889 | C107: =IF(C100+C103+C104+C105<>0,C106/(C100+C103+C104+C105),0) -> 0.8125 | D107: =IF(D100+D103+D104+D105<>0,D106/(D100+D103+D104+D105),0) -> 0 | E107: =IF(E100+E103+E104+E105<>0,E106/(E100+E103+E104+E105),0) -> 0 | F107: =IF(F100+F103+F104+F105<>0,F106/(F100+F103+F104+F105),0) -> 2.1176471 | G107: =IF(G100+G103+G104+G105<>0,G106/(G100+G103+G104+G105),0) -> 1.0869565 | H107: =IF(H100+H103+H104+H105<>0,H106/(H100+H103+H104+H105),0) -> 0.91489362 | I107: =IF(I100+I103+I104+I105<>0,I106/(I100+I103+I104+I105),0) -> 1.59375 | ... R107: =IF(R100+R103+R104+R105<>0,R106/(R100+R103+R104+R105),0) -> 0 | S107: Promedio
A108: Nº medallas | B108: =B105+B104+B103 -> 24 | C108: =C105+C104+C103 -> 8 | D108: =D105+D104+D103 -> 0 | E108: =E105+E104+E103 -> 0 | F108: =F105+F104+F103 -> 45 | G108: =G105+G104+G103 -> 12 | H108: =H105+H104+H103 -> 21 | I108: =I105+I104+I103 -> 23 | ... R108: =R105+R104+R103 -> 0 | S108: Nº medallas
A109: Check | B109: =B102+B101 -> 53 | C109: =C102+C101 -> 53 | D109: =D102+D101 -> 53 | E109: =E102+E101 -> 53 | F109: =F102+F101 -> 53 | G109: =G102+G101 -> 53 | H109: =H102+H101 -> 53 | I109: =I102+I101 -> 53 | ... R109: =R102+R101 -> 53 | S109: Check
A111: Daypo | B111: =B106+G106+J106+I106 -> 164 | D111: Daypo adultos | E111: =B106+G106 -> 75 | G111: Daypo jóvenes | H111: =I106+J106 -> 89 | J111: participaciones | K111: =B102+G102+I102+J102 -> 127 | M111: promedio | N111: =B111/K111 -> 1.2913386 | S111: Daypo
A112: Castrillo | B112: =C106+E106+H106+L106+M106 -> 131 | D112: Castrillo adulto | E112: =M106+L106 -> 75 | G112: Castrillo jóvenes | H112: =C106+E106+H106 -> 56 | J112: participaciones | K112: =C102+E102+H102+L102+M102 -> 119 | M112: promedio | N112: =B112/K112 -> 1.1008403 | S112: Castrillo
A113: Arroni Del Riego | B113: =D106+F106+K106+N106 -> 108 | D113: Del Riego adulto | E113: =K106+N106 -> 0 | G113: Del Riego jóvenes | H113: =D106+F106 -> 108 | J113: participaciones | K113: =D102+F102+K102+N102 -> 51 | M113: promedio | N113: =B113/K113 -> 2.1176471 | S113: Arroni Del Riego
B115: =B1 -> David | C115: =C1 -> Carlos | D115: =D1 -> Laura | E115: =E1 -> Jorge | F115: =F1 -> Sergio | G115: =G1 -> Poli | H115: =H1 -> Nuria | I115: =I1 -> Sara | ... R115: =R1 -> Antonio
B116: 3º | F116: 1º | I116: 2º
A117: Jóvenes | B117: =H111+H112+H113 -> 253 | E117: Adultos | F117: =E111+E112+E113 -> 150
A119: Campeón | B119: Sergio | S119: Campeón
A121: TOTAL | O121: abuelos | S121: TOTAL
A122: puntos | B122: ='2019'!B122+B106 -> 910.75 | C122: ='2019'!C122+C106 -> 445.5 | D122: ='2019'!D122+D106 -> 374 | E122: ='2019'!E122+E106 -> 526.25 | F122: ='2019'!F122+F106 -> 1004.25 | G122: ='2019'!G122+G106 -> 274 | H122: ='2019'!H122+H106 -> 378.25 | I122: ='2019'!I122+I106 -> 458.5 | ... N122: ='2019'!N122+N106 -> 12 | O122: ='2019'!O122+O106+P106 -> 55.25 | P122: <---------------- | Q122: ='2019'!Q122+Q106 -> 43 | R122: ='2019'!R122+R106 -> 72 | S122: puntos
A124: victorias totales | B124: 3 | C124: 2 | D124: 0 | E124: 1 | F124: 8 | G124: 0 | H124: 0 | I124: 0 | J124: 0 | K124: 0 | L124: 0 | M124: 0 | N124: 0 | O124: 0 | P124: <---------------- | Q124: 0 | R124: 0 | S124: victorias totales
A126: total de pruebas desde 2009 | C126: ='2019'!C126+B109 -> 673
A128: =A1 -> 2021 | B128: David | C128: Carlos | D128: Laura | E128: Jorge | F128: Sergio | G128: Poli | H128: Nuria | I128: Sara | J128: Dario | K128: Pedro | L128: Inés | M128: Chema | N128: Maite | O128: Anuncia | P128: Roberto | Q128: Hana | R128: Antonio | S128: =A1 -> 2021
A129: MEDALLERO

Sheet 2022
A1: 2022 | B1: David | C1: Carlos | D1: Laura | E1: Jorge | F1: Sergio | G1: Poli | H1: Nuria | I1: Sara | J1: Dario | K1: Pedro | L1: Inés | M1: Chema | N1: Maite | O1: Anuncia | P1: Roberto | Q1: Hana | R1: Antonio | S1: Camila | T1: =A1 -> 2022
A2: -1 | C2: x | D2: x | F2: ORO | H2: BRONCE | K2: PLATA | M2: x | N2: x | Q2: x | R2: x | T2: -1
A3: Burro | C3: x | D3: x | F3: ORO | H3: PLATA | K3: BRONCE | M3: x | N3: x | Q3: x | R3: x | T3: Burro
A4: Burro | C4: x | D4: x | F4: BRONCE | H4: ORO | K4: PLATA | M4: x | N4: x | Q4: x | R4: x | T4: Burro
A5: Futbol | B5: ORO | C5: x | D5: x | F5: PLATA | G5: ORO | H5: PLATA | I5: PLATA | J5: PLATA | K5: ORO | M5: x | N5: x | Q5: x | R5: x | T5: Futbol
A6: -1 | B6: BRONCE | C6: x | D6: x | F6: v | G6: v | H6: v | I6: PLATA | J6: v | K6: ORO | M6: x | N6: x | Q6: x | R6: x | T6: -1
A7: Juego que se invento David en Baloncesto | B7: ORO | C7: x | D7: x | F7: v | G7: BRONCE | I7: v | J7: PLATA | K7: v | M7: x | N7: x | Q7: x | R7: x | T7: Juego que se invento David en Baloncesto
A8: Lanzar cacahuete | B8: PLATA | C8: x | D8: x | F8: v | G8: v | H8: v | I8: v | J8: ORO | K8: BRONCE | M8: x | N8: x | Q8: x | R8: x | T8: Lanzar cacahuete
A9: Beat Sable | B9: v | C9: x | D9: x | F9: ORO | G9: BRONCE | H9: PLATA | I9: v | J9: v | K9: v | M9: x | N9: x | O9: v | Q9: x | R9: x | T9: Beat Sable
A10: Party | B10: PLATA | C10: x | D10: x | F10: PLATA | G10: ORO | H10: ORO | I10: ORO | J10: PLATA | M10: x | N10: x | Q10: x | R10: x | T10: Party
A11: Fronton | B11: ORO | C11: x | D11: x | F11: v | G11: v | H11: v | I11: PLATA | J11: v | K11: BRONCE | M11: x | N11: x | Q11: x | R11: x | T11: Fronton
A12: Fronton | B12: ORO | C12: x | D12: x | F12: BRONCE | G12: v | H12: v | I12: PLATA | J12: v | K12: v | M12: x | N12: x | Q12: x | R12: x | T12: Fronton
A13: Baloncesto | B13: PLATA | C13: x | D13: x | F13: ORO | J13: PLATA | K13: ORO | M13: x | N13: x | Q13: x | R13: x | T13: Baloncesto
A14: Baloncesto | B14: ORO | C14: x | D14: x | F14: PLATA | I14: ORO | J14: PLATA | M14: x | N14: x | Q14: x | R14: x | T14: Baloncesto
A15: Szyte??? | B15: v | C15: x | D15: x | F15: ORO | H15: PLATA | I15: v | J15: BRONCE | K15: v | M15: x | N15: x | Q15: x | R15: x | T15: Szyte???
A16: Futbol | B16: PLATA | C16: x | D16: x | E16: ORO | F16: PLATA | G16: ORO | H16: ORO | I16: ORO | J16: PLATA | K16: PLATA | M16: x | N16: x | Q16: x | R16: x | S16: PLATA | T16: Futbol
A17: Carreta Bicis | B17: ORO | C17: x | D17: x | F17: PLATA | I17: BRONCE | J17: V | M17: x | N17: x | Q17: x | R17: x | T17: Carreta Bicis
A18: Burro | B18: v | C18: x | D18: x | E18: v | F18: ORO | G18: v | H18: BRONCE | I18: PLATA | J18: v | K18: v | M18: x | N18: x | Q18: x | R18: x | S18: v | T18: Burro
A19: Pañuelo | B19: ORO | C19: x | D19: x | E19: PLATA | F19: ORO | G19: PLATA | H19: PLATA | I19: ORO | J19: PLATA | K19: ORO | M19: x | N19: x | Q19: x | R19: x | T19: Pañuelo
A20: Sprin | B20: v | C20: x | D20: x | E20: ORO | F20: PLATA | G20: v | H20: v | I20: BRONCE | J20: v | K20: v | M20: x | N20: x | Q20: x | R20: x | T20: Sprin
A21: Call of Duty | B21: v | C21: x | D21: x | E21: ORO | F21: ORO | I21: V | J21: ORO | M21: x | N21: x | Q21: x | R21: x | T21: Call of Duty
A22: Pueblo | B22: ORO | C22: x | D22: x | E22: v | F22: ORO | G22: ORO | H22: v | I22: v | J22: v | K22: v | M22: x | N22: x | Q22: x | R22: x | S22: ORO | T22: Pueblo
A23: Colonos de Catán | B23: BRONCE | C23: x | D23: x | E23: PLATA | F23: ORO | G23: BRONCE | H23: BRONCE | I23: v | J23: v | K23: BRONCE | M23: x | N23: x | Q23: x | R23: x | S23: PLATA | T23: Colonos
A24: Clash Royal | B24: ORO | C24: x | D24: x | E24: PLATA | F24: v | G24: v | I24: v | J24: BRONCE | M24: x | N24: x | Q24: x | R24: x | T24: Clash Royal
A25: Alguien a jugado a este juego | B25: v | C25: x | D25: x | E25: v | F25: PLATA | G25: v | H25: BRONCE | I25: v | J25: ORO | M25: x | N25: x | Q25: x | R25: x | S25: v | T25: Alguien a jugado a este juego
A26: Muncka??? | B26: v | C26: x | D26: x | E26: BRONCE | F26: ORO | G26: v | H26: PLATA | I26: BRONCE | J26: v | L26: PLATA | M26: x | N26: x | Q26: x | R26: x | S26: BRONCE | T26: Muncka???
A27: ice Hockey | B27: v | C27: x | D27: x | E27: v | F27: v | H27: ORO | I27: ORO | J27: v | M27: x | N27: x | Q27: x | R27: x | T27: ice Hockey
A28: Elastico Tenis | B28: ORO | C28: x | D28: x | E28: PLATA | F28: PLATA | G28: v | H28: v | I28: v | J28: v | M28: x | N28: x | Q28: x | R28: x | S28: v | T28: Elastico Tenis
A29: Dardos | B29: BRONCE | C29: x | D29: x | E29: ORO | F29: v | G29: v | H29: BRONCE | I29: v | J29: PLATA | M29: x | N29: x | Q29: x | R29: x | S29: v | T29: Dardos
A30: Toques Balon | B30: ORO | C30: x | D30: x | E30: PLATA | F30: v | G30: PLATA | H30: v | I30: v | J30: v | L30: v | M30: x | N30: x | Q30: x | R30: x | S30: v | T30: Toques Balon
A31: Gymkana | B31: ORO | C31: x | D31: x | F31: PLATA | G31: BRONCE | H31: v | I31: v | J31: v | L31: v | M31: x | N31: x | Q31: x | R31: x | T31: Jincana
A32: Lanzar baloncesto desde la barandilla | B32: ORO | C32: x | D32: x | F32: BRONCE | G32: v | H32: v | I32: PLATA | J32: v | L32: v | M32: x | N32: x | Q32: x | R32: x | T32: Lanzar baloncesto desde la barandilla
A33: Mario Kart | B33: v | C33: x | D33: x | F33: ORO | G33: v | H33: PLATA | I33: v | J33: v | M33: x | N33: x | Q33: x | R33: x | T33: Mario Kart
A34: Mario Kart | B34: PLATA | C34: x | D34: x | F34: ORO | G34: ORO | H34: PLATA | I34: PLATA | J34: ORO | M34: x | N34: x | Q34: x | R34: x | T34: Mario Kart
A35: Kingdomio | B35: ORO | C35: x | D35: x | F35: PLATA | G35: ORO | H35: PLATA | I35: v | J35: PLATA | L35: PLATA | M35: x | N35: x | Q35: x | R35: x | T35: Kingdomio
A36: Carrera Bici | B36: v | C36: x | D36: x | F36: ORO | I36: PLATA | J36: BRONCE | M36: x | N36: x | Q36: x | R36: x | T36: Carrera Bici
A37: Carrera mas lenta en Bici | B37: BRONCE | C37: x | D37: x | F37: ORO | I37: ORO | J37: v | M37: x | N37: x | Q37: x | R37: x | T37: Carrar mas lenta en Bici
A38: Distacia patada con un solo pedal | B38: BRONCE | C38: x | D38: x | F38: ORO | I38: ORO | J38: v | M38: x | N38: x | Q38: x | R38: x | T38: Distacia patada con un solo pedal
A39: Badminton | B39: ORO | C39: x | D39: x | F39: PLATA | G39: v | H39: v | I39: BRONCE | J39: v | L39: v | M39: x | N39: x | Q39: x | R39: x | T39: Badminton
A40: Lanzar aviones papel | B40: BRONCE | C40: x | D40: x | F40: ORO | H40: v | I40: PLATA | J40: ORO | L40: v | M40: x | N40: x | O40: v | Q40: x | R40: x | T40: Lanzar aviones papel
A41: Lanzar pelota lejos | B41: ORO | C41: x | D41: x | F41: PLATA | G41: v | H41: v | I41: BRONCE | J41: v | L41: v | M41: x | N41: x | Q41: x | R41: x | T41: Lanzar pelota lejos
A42: Encestar tennis | B42: BRONCE | C42: x | D42: x | F42: v | G42: PLATA | H42: v | I42: v | J42: v | L42: ORO | M42: x | N42: x | O42: v | Q42: x | R42: x | T42: Encestar tennis
A43: Palos Playa | B43: BRONCE | C43: x | D43: x | F43: PLATA | G43: ORO | H43: BRONCE | I43: ORO | J43: PLATA | L43: BRONCE | M43: x | N43: x | Q43: x | R43: x | T43: Palos Playa
A44: Petanca | B44: ORO | C44: x | D44: x | F44: v | G44: ORO | H44: v | I44: PLATA | J44: v | L44: PLATA | M44: x | N44: x | O44: PLATA | Q44: x | R44: x | T44: Petanca
A45: Fresbee | B45: v | C45: x | D45: x | F45: v | G45: PLATA | H45: v | I45: ORO | J45: BRONCE | L45: v | M45: x | N45: x | Q45: x | R45: x | T45: Fresbee
A46: La quema | B46: ORO | C46: x | D46: x | F46: ORO | G46: PLATA | H46: ORO | I46: PLATA | J46: PLATA | L46: ORO | M46: x | N46: x | Q46: x | R46: x | T46: La quema
A47: Burro | B47: v | C47: x | D47: x | F47: ORO | G47: BRONCE | H47: v | I47: PLATA | J47: v | L47: v | M47: x | N47: x | Q47: x | R47: x | T47: Burro
A48: Globos Agua | C48: x | D48: x | F48: ORO | H48: BRONCE | J48: ORO | L48: BRONCE | M48: x | N48: x | Q48: x | R48: x | T48: Glovos Agua
A49: Codigo Secreto | B49: PLATA | C49: x | D49: x | F49: PLATA | G49: ORO | H49: ORO | I49: ORO | J49: PLATA | L49: ORO | M49: x | N49: x | Q49: x | R49: x | T49: Codigo Secreto
A50: Exploting Cats | C50: x | D50: x | F50: ORO | H50: v | I50: BRONCE | J50: PLATA | M50: x | N50: x | Q50: x | R50: x | T50: Exploting Cats
A51: Exploting Cats | C51: x | D51: x | F51: PLATA | H51: ORO | I51: v | J51: BRONCE | M51: x | N51: x | Q51: x | R51: x | T51: Exploting Cats
A52: Mario Kart | C52: x | D52: x | F52: ORO | H52: BRONCE | J52: PLATA | M52: x | N52: x | Q52: x | R52: x | T52: Mario Kart
A53: Mario Kart | C53: x | D53: x | F53: ORO | H53: BRONCE | J53: PLATA | M53: x | N53: x | Q53: x | R53: x | T53: Mario Kart
A54: Criquet | B54: BRONCE | C54: x | D54: x | F54: v | G54: ORO | H54: ORO | J54: v | M54: x | N54: x | Q54: x | R54: x | T54: Criquet
A55: Volley sentado | B55: v | C55: x | D55: x | F55: ORO | H55: ORO | J55: v | M55: x | N55: x | Q55: x | R55: x | T55: Volley sentado
A56: Volley sentado | B56: v | C56: x | D56: x | F56: ORO | I56: ORO | J56: v | M56: x | N56: x | Q56: x | R56: x | T56: Volley sentado
A57: Volley sentado | C57: x | D57: x | F57: v | I57: ORO | J57: ORO | L57: v | M57: x | N57: x | Q57: x | R57: x | T57: Volley sentado
A58: Beat Sable | C58: x | D58: x | F58: ORO | H58: PLATA | I58: v | J58: BRONCE | L58: v | M58: x | N58: x | Q58: x | R58: x | T58: Beat Sable
A59: Carrera bicis | B59: PLATA | C59: x | D59: x | F59: ORO | I59: BRONCE | J59: v | M59: x | N59: x | Q59: x | R59: x | T59: Carrera bicis
A60: Sprint | B60: v | C60: x | D60: x | F60: ORO | I60: PLATA | J60: BRONCE | M60: x | N60: x | Q60: x | R60: x | T60: Sprin
A61: Escondite Bici Pueblo | B61: ORO | C61: x | D61: x | F61: PLATA | G61: ORO | I61: PLATA | J61: PLATA | M61: x | N61: x | Q61: x | R61: x | T61: Escondite Bici Pueblo
A62: -1 | B62: PLATA | C62: x | D62: x | F62: ORO | G62: v | I62: v | J62: BRONCE | M62: x | N62: x | Q62: x | R62: x | T62: -1
A63: Colonos Catán | B63: PLATA | C63: x | D63: x | F63: ORO | I63: v | J63: BRONCE | M63: x | N63: x | Q63: x | R63: x | T63: Colonos Catan
A64: Fronton | C64: x | D64: x | F64: BRONCE | G64: PLATA | I64: ORO | J64: v | M64: x | N64: x | Q64: x | R64: x | T64: Fronton
A65: Acertar Kilometros | C65: x | D65: x | F65: PLATA | G65: PLATA | I65: ORO | J65: PLATA | M65: x | N65: x | Q65: x | R65: x | T65: Acertar Kilometros
A66: Mentir Oso | B66: BRONCE | C66: x | D66: x | F66: v | G66: PLATA | I66: v | J66: ORO | M66: x | N66: x | Q66: x | R66: x | T66: Mentir Oso
A67: Dominion | B67: v | C67: x | D67: x | F67: ORO | I67: PLATA | J67: BRONCE | M67: x | N67: x | Q67: x | R67: x | T67: Dominion
A68: Burro | B68: ORO | C68: x | D68: x | F68: PLATA | I68: BRONCE | J68: v | M68: x | N68: x | Q68: x | R68: x | T68: Burro
A69: Sangre | B69: v | C69: x | D69: x | F69: ORO | G69: BRONCE | I69: PLATA | J69: v | K69: v | M69: x | N69: x | Q69: x | R69: x | T69: Sangre
A70: Mojar | B70: BRONCE | C70: x | D70: x | F70: PLATA | I70: BRONCE | J70: ORO | M70: x | N70: x | Q70: x | R70: x | T70: Mojar
A100: v | B100: {=SUM(IF(B2:B99="v",1))} -> 17 | C100: {=SUM(IF(C2:C99="v",1))} -> 0 | D100: {=SUM(IF(D2:D99="v",1))} -> 0 | E100: {=SUM(IF(E2:E99="v",1))} -> 4 | F100: {=SUM(IF(F2:F99="v",1))} -> 14 | G100: {=SUM(IF(G2:G99="v",1))} -> 16 | H100: {=SUM(IF(H2:H99="v",1))} -> 18 | I100: {=SUM(IF(I2:I99="v",1))} -> 21 | ... S100: {=SUM(IF(S2:S99="v",1))} -> 5 | T100: v
A101: x | B101: {=SUM(IF(B2:B99="x",1))} -> 0 | C101: {=SUM(IF(C2:C99="x",1))} -> 69 | D101: {=SUM(IF(D2:D99="x",1))} -> 69 | E101: {=SUM(IF(E2:E99="x",1))} -> 0 | F101: {=SUM(IF(F2:F99="x",1))} -> 0 | G101: {=SUM(IF(G2:G99="x",1))} -> 0 | H101: {=SUM(IF(H2:H99="x",1))} -> 0 | I101: {=SUM(IF(I2:I99="x",1))} -> 0 | ... S101: {=SUM(IF(S2:S99="x",1))} -> 0 | T101: x
A102: Participaciones | B102: =B100+B103+B104+B105 -> 57 | C102: =C100+C103+C104+C105 -> 0 | D102: =D100+D103+D104+D105 -> 0 | E102: =E100+E103+E104+E105 -> 14 | F102: =F100+F103+F104+F105 -> 69 | G102: =G100+G103+G104+G105 -> 41 | H102: =H100+H103+H104+H105 -> 46 | I102: =I100+I103+I104+I105 -> 60 | ... S102: =S100+S103+S104+S105 -> 9 | T102: Participaciones
A103: BRONCE | B103: {=SUM(IF(B$2:B$99=$A103,1))} -> 11 | C103: {=SUM(IF(C$2:C$99=$A103,1))} -> 0 | D103: {=SUM(IF(D$2:D$99=$A103,1))} -> 0 | E103: {=SUM(IF(E$2:E$99=$A103,1))} -> 1 | F103: {=SUM(IF(F$2:F$99=$A103,1))} -> 4 | G103: {=SUM(IF(G$2:G$99=$A103,1))} -> 6 | H103: {=SUM(IF(H$2:H$99=$A103,1))} -> 9 | I103: {=SUM(IF(I$2:I$99=$A103,1))} -> 9 | ... S103: {=SUM(IF(S$2:S$99=$A103,1))} -> 1 | T103: BRONCE
A104: PLATA | B104: {=SUM(IF(B$2:B$99=$A104,1))} -> 9 | C104: {=SUM(IF(C$2:C$99=$A104,1))} -> 0 | D104: {=SUM(IF(D$2:D$99=$A104,1))} -> 0 | E104: {=SUM(IF(E$2:E$99=$A104,1))} -> 5 | F104: {=SUM(IF(F$2:F$99=$A104,1))} -> 19 | G104: {=SUM(IF(G$2:G$99=$A104,1))} -> 8 | H104: {=SUM(IF(H$2:H$99=$A104,1))} -> 10 | I104: {=SUM(IF(I$2:I$99=$A104,1))} -> 16 | ... S104: {=SUM(IF(S$2:S$99=$A104,1))} -> 2 | T104: PLATA
A105: ORO | B105: {=SUM(IF(B$2:B$99=$A105,1))} -> 20 | C105: {=SUM(IF(C$2:C$99=$A105,1))} -> 0 | D105: {=SUM(IF(D$2:D$99=$A105,1))} -> 0 | E105: {=SUM(IF(E$2:E$99=$A105,1))} -> 4 | F105: {=SUM(IF(F$2:F$99=$A105,1))} -> 32 | G105: {=SUM(IF(G$2:G$99=$A105,1))} -> 11 | H105: {=SUM(IF(H$2:H$99=$A105,1))} -> 9 | I105: {=SUM(IF(I$2:I$99=$A105,1))} -> 14 | ... S105: {=SUM(IF(S$2:S$99=$A105,1))} -> 1 | T105: ORO
A106: Puntos | B106: =B103+B104*2+B105*3 -> 89 | C106: =C103+C104*2+C105*3 -> 0 | D106: =D103+D104*2+D105*3 -> 0 | E106: =E103+E104*2+E105*3 -> 23 | F106: =F103+F104*2+F105*3 -> 138 | G106: =G103+G104*2+G105*3 -> 55 | H106: =H103+H104*2+H105*3 -> 56 | I106: =I103+I104*2+I105*3 -> 83 | ... S106: =S103+S104*2+S105*3 -> 8 | T106: Puntos
A107: Promedio | B107: =IF(B100+B103+B104+B105<>0,B106/(B100+B103+B104+B105),0) -> 1.5614035 | C107: =IF(C100+C103+C104+C105<>0,C106/(C100+C103+C104+C105),0) -> 0 | D107: =IF(D100+D103+D104+D105<>0,D106/(D100+D103+D104+D105),0) -> 0 | E107: =IF(E100+E103+E104+E105<>0,E106/(E100+E103+E104+E105),0) -> 1.6428571 | F107: =IF(F100+F103+F104+F105<>0,F106/(F100+F103+F104+F105),0) -> 2 | G107: =IF(G100+G103+G104+G105<>0,G106/(G100+G103+G104+G105),0) -> 1.3414634 | H107: =IF(H100+H103+H104+H105<>0,H106/(H100+H103+H104+H105),0) -> 1.2173913 | I107: =IF(I100+I103+I104+I105<>0,I106/(I100+I103+I104+I105),0) -> 1.3833333 | ... S107: =IF(S100+S103+S104+S105<>0,S106/(S100+S103+S104+S105),0) -> 0.88888889 | T107: Promedio
A108: Nº medallas | B108: =B105+B104+B103 -> 40 | C108: =C105+C104+C103 -> 0 | D108: =D105+D104+D103 -> 0 | E108: =E105+E104+E103 -> 10 | F108: =F105+F104+F103 -> 55 | G108: =G105+G104+G103 -> 25 | H108: =H105+H104+H103 -> 28 | I108: =I105+I104+I103 -> 39 | ... S108: =S105+S104+S103 -> 4 | T108: Nº medallas
A109: Check | B109: =B102+B101 -> 57 | C109: =C102+C101 -> 69 | D109: =D102+D101 -> 69 | E109: =E102+E101 -> 14 | F109: =F102+F101 -> 69 | G109: =G102+G101 -> 41 | H109: =H102+H101 -> 46 | I109: =I102+I101 -> 60 | ... S109: =S102+S101 -> 9 | T109: Check
A111: Daypo | B111: =B106+G106+J106+I106 -> 298 | D111: Daypo adultos | E111: =B106+G106 -> 144 | G111: Daypo jóvenes | H111: =I106+J106 -> 154 | J111: participaciones | K111: =B102+G102+I102+J102 -> 224 | M111: promedio | N111: =B111/K111 -> 1.3303571
A112: Castrillo | B112: =C106+E106+H106+L106+M106 -> 96 | D112: Castrillo adulto | E112: =M106+L106 -> 17 | G112: Castrillo jóvenes | H112: =C106+E106+H106 -> 79 | J112: participaciones | K112: =C102+E102+H102+L102+M102 -> 78 | M112: promedio | N112: =B112/K112 -> 1.2307692
A113: Arroni Del Riego | B113: =D106+F106+K106+N106 -> 160 | D113: Del Riego adulto | E113: =K106+N106 -> 22 | G113: Del Riego jóvenes | H113: =D106+F106 -> 138 | J113: participaciones | K113: =D102+F102+K102+N102 -> 88 | M113: promedio | N113: =B113/K113 -> 1.8181818
B115: =B1 -> David | C115: =C1 -> Carlos | D115: =D1 -> Laura | E115: =E1 -> Jorge | F115: =F1 -> Sergio | G115: =G1 -> Poli | H115: =H1 -> Nuria | I115: =I1 -> Sara | ... R115: =R1 -> Antonio | S115: Camila
B116: 2º | F116: 1º | I116: 3º
A117: Jóvenes | B117: =H111+H112+H113 -> 371 | E117: Adultos | F117: =E111+E112+E113 -> 183
A119: Campeón | B119: Sergio
A121: TOTAL | O121: abuelos | T121: TOTAL
A122: puntos | B122: ='2021'!B122+B106 -> 999.75 | C122: ='2021'!C122+C106 -> 445.5 | D122: ='2021'!D122+D106 -> 374 | E122: ='2021'!E122+E106 -> 549.25 | F122: ='2021'!F122+F106 -> 1142.25 | G122: ='2021'!G122+G106 -> 329 | H122: ='2021'!H122+H106 -> 434.25 | I122: ='2021'!I122+I106 -> 541.5 | J122: ='2021'!J122+J106 -> 468 | K122: ='2019'!K122+K106 -> 208 | L122: ='2021'!L122+L106 -> 84 | M122: ='2021'!M122+M106 -> 81 | N122: ='2021'!N122+N106 -> 12 | O122: ='2021'!O122+O106+P106 -> 57.25 | P122: <---------------- | Q122: ='2021'!Q122+Q106 -> 43 | R122: ='2021'!R122+R106 -> 72 | S122: =S106 -> 8 | T122: puntos
A124: victorias totales | B124: 3 | C124: 2 | D124: 0 | E124: 1 | F124: 9 | G124: 0 | H124: 0 | I124: 0 | J124: 0 | K124: 0 | L124: 0 | M124: 0 | N124: 0 | O124: 0 | P124: <---------------- | Q124: 0 | R124: 0 | S124: victorias totales
A126: total de pruebas desde 2009 | C126: ='2021'!C126+C109 -> 742
A128: =A1 -> 2022 | B128: David | C128: Carlos | D128: Laura | E128: Jorge | F128: Sergio | G128: Poli | H128: Nuria | I128: Sara | J128: Dario | K128: Pedro | L128: Inés | M128: Chema | N128: Maite | O128: Anuncia | P128: Roberto | Q128: Hana | R128: Antonio | S128: Camila | T128: =A1 -> 2022

Sheet 2023
A1: 2023 | B1: David | C1: Carlos | D1: Laura | E1: Jorge | F1: Sergio | G1: Poli | H1: Nuria | I1: Sara | J1: Dario | K1: Pedro | L1: Inés | M1: Chema | N1: Maite | O1: Anuncia | P1: Roberto | Q1: Hana | R1: Antonio | S1: Camila | T1: Lucía | U1: =A1 -> 2023
A2: Volleybal | B2: x | C2: x | D2: BRONCE | E2: x | F2: ORO | G2: x | H2: v | I2: x | J2: x | K2: x | L2: x | M2: x | N2: v | O2: x | P2: x | Q2: x | R2: x | S2: x | T2: PLATA
A3: -1 | B3: x | C3: x | D3: v | E3: x | F3: ORO | G3: x | H3: BRONCE | I3: x | J3: x | K3: x | L3: x | M3: x | N3: PLATA | O3: x | P3: x | Q3: x | R3: x | S3: x | T3: v
A4: frisbee | B4: x | C4: x | D4: ORO | E4: x | F4: ORO | G4: x | H4: BRONCE | I4: x | J4: x | K4: x | L4: x | M4: x | N4: PLATA | O4: x | P4: x | Q4: x | R4: x | S4: x | T4: v
A5: -1 | C5: x | F5: ORO | K5: PLATA | N5: BRONCE
A6: comunismo | C6: x | F6: PLATA | H6: ORO | T6: PLATA
A7: Gatos explosivos | C7: x | D7: BRONCE | F7: ORO | T7: ORO
A8: Badminton | C8: x | D8: ORO | F8: ORO | T8: BRONCE
A9: Baloncrof | B9: ORO | C9: x | D9: PLATA | F9: PLATA | G9: ORO | I9: ORO | J9: PLATA | K9: ORO | T9: PLATA
A10: -1 | B10: ORO | C10: x | D10: BRONCE | G10: BRONCE | I10: PLATA
A11: Quema | B11: ORO | C11: x | D11: ORO | F11: PLATA | G11: PLATA | H11: ORO | I11: PLATA | J11: ORO | K11: ORO | N11: PLATA | T11: PLATA
A12: Baseball | B12: PLATA | C12: x | F12: ORO | G12: PLATA | H12: PLATA | I12: ORO | J12: ORO | K12: PLATA | T12: ORO
A13: El pueblo duerme | C13: x | H13: ORO | J13: ORO | T13: ORO
A14: Catán | B14: PLATA | C14: x | D14: ORO | F14: PLATA | H14: ORO | T14: PLATA
A15: Exploting cats | C15: x | D15: ORO | F15: BRONCE | J15: PLATA | T15: BRONCE
A16: Volleyball | B16: BRONCE | C16: x | F16: ORO | J16: PLATA | K16: BRONCE
A17: Volleyball | B17: PLATA | C17: x | F17: PLATA | K17: ORO
A18: Dardos | B18: PLATA | C18: x | H18: BRONCE | J18: ORO
A19: Baseball | B19: ORO | C19: x | I19: PLATA | J19: BRONCE
A20: Dardos | B20: BRONCE | C20: x | F20: BRONCE | I20: PLATA | J20: ORO
A21: Juego virus | B21: v | C21: x | D21: v | E21: x | F21: ORO | G21: x | H21: v | I21: v | J21: v | K21: x | L21: x | M21: x | N21: x | O21: x | P21: x | Q21: x | R21: x | S21: x | T21: x
A22: Baseball | B22: PLATA | C22: x | D22: ORO | F22: PLATA | G22: ORO | H22: PLATA | I22: ORO | J22: ORO | K22: ORO | N22: PLATA | T22: PLATA
A23: Smart 10 | B23: PLATA | C23: x | D23: ORO | F23: PLATA | G23: ORO | H23: ORO | J23: PLATA | K23: PLATA | N23: ORO | T23: ORO
A24: Mentiroso | C24: x | G24: BRONCE | I24: PLATA | J24: ORO
A25: Exploding cats | C25: x | D25: BRONCE | F25: ORO | H25: PLATA | T25: ORO
A26: Mario kart | C26: x | D26: BRONCE | F26: ORO | H26: PLATA
A27: Frontón | B27: ORO | C27: x | F27: PLATA | J27: BRONCE
A28: Frontón | B28: ORO | C28: x | F28: PLATA | J28: BRONCE
A29: Baloncesto | B29: PLATA | C29: x | F29: ORO | J29: PLATA | K29: ORO | T29: ORO
A30: Szitche | C30: x | D30: PLATA | F30: ORO | T30: BRONCE
A31: Criquet | C31: x | D31: BRONCE | J31: ORO | K31: PLATA
A32: Petanca | B32: PLATA | C32: x | D32: PLATA | G32: PLATA | K32: ORO | N32: PLATA
A33: Petanca | B33: PLATA | C33: x | D33: PLATA | G33: PLATA | K33: ORO | N33: PLATA
A34: Lanzamiento cacahuete | B34: PLATA | C34: x | J34: BRONCE | K34: ORO
A35: República bananera | B35: ORO | C35: x | F35: PLATA | G35: BRONCE | H35: BRONCE | K35: BRONCE | T35: BRONCE
A36: Burrito | C36: x | F36: ORO | H36: PLATA | J36: BRONCE
A37: Mentiroso | B37: PLATA | C37: x | F37: ORO | T37: BRONCE
A38: Pasar la pelota blanda | B38: PLATA | C38: x | D38: ORO | F38: PLATA | H38: ORO | J38: PLATA | T38: PLATA
A39: Tirachinas | B39: ORO | C39: x | D39: ORO | F39: ORO | H39: ORO | J39: ORO
A40: Concurso de pinchos | B40: v | C40: x | D40: v | E40: x | F40: PLATA | G40: BRONCE | H40: v | I40: v | J40: v | K40: v | L40: x | M40: x | N40: ORO | O40: v | P40: v | Q40: x | R40: x | S40: x | T40: v
A41: nerf | B41: ORO | C41: x | F41: PLATA | J41: BRONCE
A42: Volleyball | C42: x | F42: ORO | I42: ORO | J42: ORO | T42: ORO
A43: Volleyball | B43: ORO | C43: x | G43: ORO | I43: ORO | J43: ORO
A44: Sprint | C44: x | F44: PLATA | J44: BRONCE | T44: ORO
A45: Sprint | C45: x | F45: ORO | J45: PLATA | T45: BRONCE
A46: Mario Kart | C46: x | F46: PLATA | H46: ORO | J46: ORO | T46: PLATA
A47: Secret Hitler | B47: PLATA | C47: x | G47: PLATA | H47: ORO
A48: Burritos | C48: x | D48: BRONCE | H48: ORO | T48: PLATA
A49: Mentiroso | C49: x | D49: ORO | I49: BRONCE | T49: PLATA
A50: Szitche | C50: x | D50: BRONCE | F50: ORO | H50: PLATA
A51: Lanzar aviones | C51: ORO | F51: BRONCE | G51: PLATA | I51: PLATA | J51: BRONCE | Q51: ORO
A52: Quizz boda | B52: BRONCE | C52: v | D52: PLATA | F52: ORO | G52: BRONCE | I52: ORO | J52: ORO | R52: PLATA | T52: ORO
A53: Pueblo | C53: v | I53: ORO
A54: WTF | C54: v | E54: ORO | F54: ORO | J54: ORO | R54: ORO
A55: Pañuelo | B55: ORO | C55: v | E55: ORO | F55: ORO | I55: ORO | J55: ORO
A56: Exploding kittens | C56: v | D56: ORO | F56: BRONCE | I56: PLATA | R56: ORO | T56: BRONCE
A57: Dardos | C57: v | F57: PLATA | I57: PLATA | K57: PLATA | R57: ORO
A58: Virus | C58: v | D58: ORO
A59: Aviones checos | B59: ORO | C59: v | F59: PLATA | J59: PLATA | K59: ORO | O59: BRONCE
A60: Fútbol | B60: PLATA | C60: PLATA | E60: PLATA | F60: ORO | G60: ORO | I60: ORO | J60: ORO | M60: PLATA | R60: ORO
A61: Carrera bici | C61: BRONCE | F61: ORO | J61: PLATA
A62: Baloncesto | C62: ORO | F62: ORO | J62: PLATA | K62: ORO | R62: PLATA | S62: PLATA | T62: ORO
A63: Frontón | B63: ORO | C63: v | I63: PLATA | R63: BRONCE
A64: Catán | B64: PLATA | C64: PLATA | D64: PLATA | F64: ORO | J64: PLATA | Q64: PLATA | R64: PLATA | T64: ORO
A65: Smart 10 | B65: ORO | C65: x | D65: PLATA | E65: ORO | F65: ORO | G65: PLATA | H65: PLATA | I65: PLATA | J65: ORO | K65: ORO | L65: PLATA | M65: ORO | N65: PLATA | R65: ORO | T65: PLATA
A66: Call of Duty | C66: BRONCE | F66: ORO | J66: PLATA
A67: Mario kart | C67: PLATA | F67: ORO | J67: BRONCE
A68: Sangre | C68: v | F68: ORO | J68: ORO | K68: ORO
A69: Ruleta de la fortuna | C69: x | L69: ORO | S69: ORO
A100: v | B100: {=SUM(IF(B2:B99="v",1))} -> 2 | C100: {=SUM(IF(C2:C99="v",1))} -> 10 | D100: {=SUM(IF(D2:D99="v",1))} -> 3 | E100: {=SUM(IF(E2:E99="v",1))} -> 0 | F100: {=SUM(IF(F2:F99="v",1))} -> 0 | G100: {=SUM(IF(G2:G99="v",1))} -> 0 | H100: {=SUM(IF(H2:H99="v",1))} -> 3 | I100: {=SUM(IF(I2:I99="v",1))} -> 2 | ... T100: {=SUM(IF(T2:T99="v",1))} -> 3 | U100: v
A101: x | B101: {=SUM(IF(B2:B99="x",1))} -> 3 | C101: {=SUM(IF(C2:C99="x",1))} -> 51 | D101: {=SUM(IF(D2:D99="x",1))} -> 0 | E101: {=SUM(IF(E2:E99="x",1))} -> 5 | F101: {=SUM(IF(F2:F99="x",1))} -> 0 | G101: {=SUM(IF(G2:G99="x",1))} -> 4 | H101: {=SUM(IF(H2:H99="x",1))} -> 0 | I101: {=SUM(IF(I2:I99="x",1))} -> 3 | ... T101: {=SUM(IF(T2:T99="x",1))} -> 1 | U101: x
A102: Participaciones | B102: =B100+B103+B104+B105 -> 34 | C102: =C100+C103+C104+C105 -> 17 | D102: =D100+D103+D104+D105 -> 30 | E102: =E100+E103+E104+E105 -> 4 | F102: =F100+F103+F104+F105 -> 51 | G102: =G100+G103+G104+G105 -> 17 | H102: =H100+H103+H104+H105 -> 24 | I102: =I100+I103+I104+I105 -> 22 | ... T102: =T100+T103+T104+T105 -> 32 | U102: Participaciones
A103: BRONCE | B103: {=SUM(IF(B$2:B$99=$A103,1))} -> 3 | C103: {=SUM(IF(C$2:C$99=$A103,1))} -> 2 | D103: {=SUM(IF(D$2:D$99=$A103,1))} -> 8 | E103: {=SUM(IF(E$2:E$99=$A103,1))} -> 0 | F103: {=SUM(IF(F$2:F$99=$A103,1))} -> 4 | G103: {=SUM(IF(G$2:G$99=$A103,1))} -> 5 | H103: {=SUM(IF(H$2:H$99=$A103,1))} -> 4 | I103: {=SUM(IF(I$2:I$99=$A103,1))} -> 1 | ... T103: {=SUM(IF(T$2:T$99=$A103,1))} -> 7 | U103: BRONCE
A104: PLATA | B104: {=SUM(IF(B$2:B$99=$A104,1))} -> 15 | C104: {=SUM(IF(C$2:C$99=$A104,1))} -> 3 | D104: {=SUM(IF(D$2:D$99=$A104,1))} -> 7 | E104: {=SUM(IF(E$2:E$99=$A104,1))} -> 1 | F104: {=SUM(IF(F$2:F$99=$A104,1))} -> 17 | G104: {=SUM(IF(G$2:G$99=$A104,1))} -> 7 | H104: {=SUM(IF(H$2:H$99=$A104,1))} -> 7 | I104: {=SUM(IF(I$2:I$99=$A104,1))} -> 10 | ... T104: {=SUM(IF(T$2:T$99=$A104,1))} -> 11 | U104: PLATA
A105: ORO | B105: {=SUM(IF(B$2:B$99=$A105,1))} -> 14 | C105: {=SUM(IF(C$2:C$99=$A105,1))} -> 2 | D105: {=SUM(IF(D$2:D$99=$A105,1))} -> 12 | E105: {=SUM(IF(E$2:E$99=$A105,1))} -> 3 | F105: {=SUM(IF(F$2:F$99=$A105,1))} -> 30 | G105: {=SUM(IF(G$2:G$99=$A105,1))} -> 5 | H105: {=SUM(IF(H$2:H$99=$A105,1))} -> 10 | I105: {=SUM(IF(I$2:I$99=$A105,1))} -> 9 | ... T105: {=SUM(IF(T$2:T$99=$A105,1))} -> 11 | U105: ORO
A106: Puntos | B106: =B103+B104*2+B105*3 -> 75 | C106: =C103+C104*2+C105*3 -> 14 | D106: =D103+D104*2+D105*3 -> 58 | E106: =E103+E104*2+E105*3 -> 11 | F106: =F103+F104*2+F105*3 -> 128 | G106: =G103+G104*2+G105*3 -> 34 | H106: =H103+H104*2+H105*3 -> 48 | I106: =I103+I104*2+I105*3 -> 48 | ... T106: =T103+T104*2+T105*3 -> 62 | U106: Puntos
A107: Promedio | B107: =IF(B100+B103+B104+B105<>0,B106/(B100+B103+B104+B105),0) -> 2.2058824 | C107: =IF(C100+C103+C104+C105<>0,C106/(C100+C103+C104+C105),0) -> 0.82352941 | D107: =IF(D100+D103+D104+D105<>0,D106/(D100+D103+D104+D105),0) -> 1.9333333 | E107: =IF(E100+E103+E104+E105<>0,E106/(E100+E103+E104+E105),0) -> 2.75 | F107: =IF(F100+F103+F104+F105<>0,F106/(F100+F103+F104+F105),0) -> 2.5098039 | G107: =IF(G100+G103+G104+G105<>0,G106/(G100+G103+G104+G105),0) -> 2 | H107: =IF(H100+H103+H104+H105<>0,H106/(H100+H103+H104+H105),0) -> 2 | I107: =IF(I100+I103+I104+I105<>0,I106/(I100+I103+I104+I105),0) -> 2.1818182 | ... T107: =IF(T100+T103+T104+T105<>0,T106/(T100+T103+T104+T105),0) -> 1.9375 | U107: Promedio
A108: Nº medallas | B108: =B105+B104+B103 -> 32 | C108: =C105+C104+C103 -> 7 | D108: =D105+D104+D103 -> 27 | E108: =E105+E104+E103 -> 4 | F108: =F105+F104+F103 -> 51 | G108: =G105+G104+G103 -> 17 | H108: =H105+H104+H103 -> 21 | I108: =I105+I104+I103 -> 20 | ... T108: =T105+T104+T103 -> 29 | U108: Nº medallas
A109: Check | B109: =B102+B101 -> 37 | C109: =C102+C101 -> 68 | D109: =D102+D101 -> 30 | E109: =E102+E101 -> 9 | F109: =F102+F101 -> 51 | G109: =G102+G101 -> 21 | H109: =H102+H101 -> 24 | I109: =I102+I101 -> 25 | ... T109: =T102+T101 -> 33 | U109: Check
A111: Daypo | B111: =B106+G106+J106+I106 -> 244 | D111: Daypo adulto | E111: =B106+G106 -> 109 | G111: Daypo jóvenes | H111: =I106+J106 -> 135 | J111: participaciones | K111: =B102+G102+I102+J102 -> 114 | M111: promedio | N111: =B111/K111 -> 2.1403509
A112: Castrillo | B112: =C106+E106+H106+L106+M106 -> 83 | D112: Castrillo adulto | E112: =M106+L106 -> 10 | G112: Castrillo jóvenes | H112: =C106+E106+H106 -> 73 | J112: participaciones | K112: =C102+E102+H102+L102+M102 -> 49 | M112: promedio | N112: =B112/K112 -> 1.6938776
A113: Arroni Del Riego | B113: =D106+F106+K106+N106 -> 255 | D113: Del Riego adulto | E113: =K106+N106 -> 69 | G113: Del Riego jóvenes | H113: =D106+F106 -> 186 | J113: participaciones | K113: =D102+F102+K102+N102 -> 112 | M113: promedio | N113: =B113/K113 -> 2.2767857
B115: =B1 -> David | C115: =C1 -> Carlos | D115: =D1 -> Laura | E115: =E1 -> Jorge | F115: =F1 -> Sergio | G115: =G1 -> Poli | H115: =H1 -> Nuria | I115: =I1 -> Sara | ... R115: =R1 -> Antonio | S115: Camila | T115: Lucía
A117: Jóvenes | B117: =H111+H112+H113 -> 394 | E117: Adultos | F117: =E111+E112+E113 -> 188
A119: Campeón | B119: Sergio
A121: TOTAL | O121: abuelos | U121: TOTAL
A122: puntos | B122: ='2022'!B122+B106 -> 1074.75 | C122: ='2022'!C122+C106 -> 459.5 | D122: ='2022'!D122+D106 -> 432 | E122: ='2022'!E122+E106 -> 560.25 | F122: ='2022'!F122+F106 -> 1270.25 | G122: ='2022'!G122+G106 -> 363 | H122: ='2022'!H122+H106 -> 482.25 | I122: ='2022'!I122+I106 -> 589.5 | ... O122: ='2022'!O122+O106 -> 58.25 | P122: <---------------- | Q122: ='2022'!Q122+Q106 -> 48 | R122: ='2022'!R122+R106 -> 94 | S122: ='2022'!S122+S106 -> 13 | T122: =T106 -> 62 | U122: puntos
A124: victorias totales | B124: 3 | C124: 2 | D124: 0 | E124: 1 | F124: 10 | G124: 0 | H124: 0 | I124: 0 | J124: 0 | K124: 0 | L124: 0 | M124: 0 | N124: 0 | O124: 0 | P124: <---------------- | Q124: 0 | R124: 0 | S124: victorias totales
A126: total de pruebas desde 2009 | C126: ='2022'!C126+C109 -> 810
A128: 2023 | B128: David | C128: Carlos | D128: Laura | E128: Jorge | F128: Sergio | G128: Poli | H128: Nuria | I128: Sara | J128: Dario | K128: Pedro | L128: Inés | M128: Chema | N128: Maite | O128: Anuncia | P128: Roberto | Q128: Hana | R128: Antonio | S128: Camila | T128: Lucía | U128: =A128 -> 2023
A132: Adultos | B132: David, Inés, Pedro, Poli, Chema, Maite
A133: Jovenes | B133: Carlos, Laura, Jorge, Sergio, Sara, Dario, Nuria

Sheet 2024
A1: 2024 | B1: David | C1: Carlos | D1: Laura | E1: Jorge | F1: Sergio | G1: Poli | H1: Nuria | I1: Sara | J1: Dario | K1: Pedro | L1: Inés | M1: Chema | N1: Maite | O1: Anuncia | P1: Roberto | Q1: Hana | R1: Antonio | S1: Camila | T1: Lucía | U1: =A1 -> 2024
A2: Reinos de papel | B2: BRONCE | C2: x | D2: v | E2: x | F2: ORO | G2: v | H2: v | I2: v | J2: PLATA | K2: x | L2: x | M2: x | N2: x | O2: x | P2: x | Q2: x | R2: x | S2: x | T2: x | U2: 45523
A3: Football | B3: PLATA | C3: x | D3: v | E3: x | F3: ORO | G3: PLATA | H3: v | I3: ORO | J3: ORO | K3: x | L3: x | M3: x | N3: x | O3: x | P3: x | Q3: x | R3: x | S3: x | T3: x | U3: 45523
A4: Voleyball | B4: ORO | C4: x | D4: ORO | E4: x | F4: ORO | G4: PLATA | H4: PLATA | I4: PLATA | J4: PLATA | K4: x | L4: x | M4: x | N4: x | O4: x | P4: x | Q4: x | R4: x | S4: x | T4: x | U4: 45523
A5: Voleyball | B5: ORO | C5: x | D5: ORO | E5: x | F5: ORO | G5: PLATA | H5: PLATA | I5: PLATA | J5: PLATA | K5: x | L5: x | M5: x | N5: x | O5: x | P5: x | Q5: x | R5: x | S5: x | T5: x | U5: 45523
A6: Voleyball 2vs2 | B6: ORO | C6: x | D6: PLATA | E6: x | F6: PLATA | G6: BRONCE | H6: PLATA | I6: BRONCE | J6: ORO | K6: x | L6: x | M6: x | N6: x | O6: x | P6: x | Q6: x | R6: x | S6: x | T6: x | U6: 45523
A7: Burro | B7: v | C7: x | D7: v | E7: x | F7: ORO | G7: v | H7: BRONCE | I7: PLATA | J7: v | K7: x | L7: x | M7: x | N7: x | O7: x | P7: x | Q7: x | R7: x | S7: x | T7: x | U7: 45523
A8: Catán | B8: ORO | C8: x | D8: BRONCE | E8: x | F8: BRONCE | G8: PLATA | H8: v | I8: PLATA | J8: BRONCE | K8: x | L8: x | M8: x | N8: x | O8: x | P8: x | Q8: x | R8: x | S8: x | T8: x | U8: 45523
A9: Mario Kart | B9: x | C9: x | D9: v | E9: x | F9: ORO | G9: x | H9: PLATA | I9: v | J9: BRONCE | K9: x | L9: x | M9: x | N9: x | O9: x | P9: x | Q9: x | R9: x | S9: x | T9: x | U9: 45524
A10: Mario Kart | B10: x | C10: x | D10: PLATA | E10: x | F10: ORO | G10: x | H10: BRONCE | I10: v | J10: v | K10: x | L10: x | M10: x | N10: x | O10: x | P10: x | Q10: x | R10: x | S10: x | T10: x | U10: 45524
A11: Mario Kart | B11: x | C11: x | D11: v | E11: x | F11: ORO | G11: x | H11: PLATA | I11: v | J11: BRONCE | K11: x | L11: x | M11: x | N11: x | O11: x | P11: x | Q11: x | R11: x | S11: x | T11: x | U11: 45524
A12: Bádminton | B12: BRONCE | C12: x | D12: ORO | E12: x | F12: ORO | G12: BRONCE | H12: BRONCE | I12: PLATA | J12: PLATA | K12: x | L12: x | M12: x | N12: x | O12: x | P12: x | Q12: x | R12: x | S12: x | T12: x | U12: 45524
A13: Bádminton individual | B13: ORO | C13: x | D13: x | E13: x | F13: ORO | G13: x | H13: x | I13: x | J13: ORO | K13: x | L13: x | M13: x | N13: x | O13: x | P13: x | Q13: x | R13: x | S13: x | T13: x | U13: 45524
... A18: Quema | B18: ORO | C18: x | D18: ORO | E18: x | F18: ORO | G18: PLATA | H18: x | I18: PLATA | J18: PLATA | K18: x | L18: x | M18: x | N18: x | O18: x | P18: x | Q18: x | R18: x | S18: x | T18: x | U18: 45525
A19: -1 | B19: ORO | C19: x | D19: v | E19: x | F19: PLATA | G19: x | H19: v | I19: BRONCE | J19: v | K19: x | L19: x | M19: x | N19: x | O19: x | P19: x | Q19: x | R19: x | S19: x | T19: x | U19: 45525
A20: Pañuelo de 3 | B20: ORO | C20: x | D20: x | E20: x | F20: PLATA | G20: x | H20: x | I20: x | J20: BRONCE | K20: x | L20: x | M20: x | N20: x | O20: x | P20: x | Q20: x | R20: x | S20: x | T20: x | U20: 45525
A21: Call of Duty | B21: BRONCE | C21: x | D21: v | E21: x | F21: ORO | G21: x | H21: x | I21: x | J21: PLATA | K21: x | L21: x | M21: x | N21: x | O21: x | P21: x | Q21: x | R21: x | S21: x | T21: x | U21: 45525
A22: Secret Hitler | B22: x | C22: x | D22: v | E22: x | F22: PLATA | G22: x | H22: ORO | I22: ORO | J22: PLATA | K22: x | L22: x | M22: x | N22: x | O22: x | P22: x | Q22: x | R22: x | S22: x | T22: x | U22: 45525
A23: Mario Kart | B23: x | C23: x | D23: ORO | E23: x | F23: ORO | G23: x | H23: PLATA | I23: v | J23: PLATA | K23: x | L23: x | M23: x | N23: x | O23: x | P23: x | Q23: x | R23: x | S23: x | T23: x | U23: 45525
A24: Frontón | B24: ORO | C24: x | D24: v | E24: x | F24: v | G24: BRONCE | H24: v | I24: PLATA | J24: v | K24: x | L24: x | M24: x | N24: x | O24: x | P24: x | Q24: x | R24: x | S24: x | T24: x | U24: 45525
A25: Frontón parejas | B25: ORO | C25: x | D25: ORO | E25: x | F25: PLATA | G25: PLATA | H25: ORO | I25: v | J25: v | K25: x | L25: x | M25: x | N25: x | O25: x | P25: x | Q25: x | R25: x | S25: x | T25: x | U25: 45525
A26: Frontón | B26: ORO | C26: x | D26: v | E26: x | F26: v | G26: v | H26: v | I26: BRONCE | J26: PLATA | K26: x | L26: x | M26: x | N26: x | O26: x | P26: x | Q26: x | R26: x | S26: x | T26: x | U26: 45525
A27: Baloncesto | B27: ORO | C27: x | D27: v | E27: x | F27: PLATA | G27: v | H27: v | I27: PLATA | J27: ORO | K27: x | L27: x | M27: x | N27: x | O27: x | P27: x | Q27: x | R27: x | S27: x | T27: x | U27: 45525
A28: Mario Kart | B28: v | C28: x | D28: v | E28: x | F28: ORO | G28: v | H28: BRONCE | I28: v | J28: PLATA | K28: x | L28: x | M28: x | N28: x | O28: x | P28: x | Q28: x | R28: x | S28: x | T28: x | U28: 45525
A29: Mentiroso | B29: PLATA | C29: x | D29: BRONCE | E29: x | F29: ORO | G29: v | H29: v | I29: v | J29: v | K29: x | L29: x | M29: x | N29: x | O29: x | P29: x | Q29: x | R29: x | S29: x | T29: x | U29: 45525
A30: Call of duty | B30: x | C30: x | D30: BRONCE | E30: x | F30: ORO | G30: x | H30: x | I30: x | J30: PLATA | K30: x | L30: x | M30: x | N30: x | O30: x | P30: x | Q30: x | R30: x | S30: x | T30: x | U30: 45525
A31: Tocar canasta | B31: PLATA | C31: x | D31: x | E31: x | F31: ORO | G31: x | H31: x | I31: BRONCE | J31: v | K31: x | L31: x | M31: x | N31: x | O31: x | P31: x | Q31: x | R31: x | S31: x | T31: x | U31: 45525
... A62: Sangre | B62: v | C62: x | D62: x | E62: BRONCE | F62: ORO | G62: x | H62: x | I62: PLATA | J62: v | K62: x | L62: v | M62: x | N62: x | O62: x | P62: x | Q62: x | R62: x | S62: v | T62: x | U62: 45529
A63: -1 | B63: ORO | C63: x | D63: v | E63: BRONCE | F63: PLATA | G63: x | H63: x | I63: v | J63: v | K63: x | L63: v | M63: x | N63: x | O63: x | P63: x | Q63: x | R63: x | S63: x | T63: x | U63: 45529
A64: Volleyball | B64: ORO | C64: x | D64: x | E64: ORO | F64: PLATA | G64: PLATA | H64: x | I64: ORO | J64: PLATA | K64: x | L64: x | M64: x | N64: x | O64: x | P64: x | Q64: x | R64: x | S64: ORO | T64: x | U64: 45529
A65: Barrio | B65: BRONCE | C65: x | D65: ORO | E65: x | F65: PLATA | G65: x | H65: x | I65: x | J65: BRONCE | K65: x | L65: x | M65: x | N65: x | O65: x | P65: x | Q65: x | R65: x | S65: x | T65: x | U65: 45529
A66: Ajedrez | B66: PLATA | C66: x | D66: x | E66: x | F66: ORO | G66: x | H66: x | I66: x | J66: BRONCE | K66: x | L66: x | M66: x | N66: x | O66: x | P66: x | Q66: x | R66: x | S66: x | T66: x | U66: 45529
A67: Décadas | B67: PLATA | C67: x | D67: ORO | E67: PLATA | F67: ORO | G67: ORO | H67: ORO | I67: PLATA | J67: ORO | K67: x | L67: ORO | M67: x | N67: x | O67: PLATA | P67: x | Q67: x | R67: x | S67: PLATA | T67: x | U67: 45529
A68: El secreto de Hitler | B68: v | C68: x | D68: ORO | E68: ORO | F68: PLATA | G68: PLATA | H68: v | I68: v | J68: v | K68: x | L68: ORO | M68: x | N68: x | O68: x | P68: x | Q68: x | R68: x | S68: v | T68: x | U68: 45529
A69: Juego toques dardos | B69: PLATA | C69: x | D69: ORO | E69: x | F69: BRONCE | G69: x | H69: x | I69: v | J69: v | K69: x | L69: x | M69: x | N69: x | O69: x | P69: x | Q69: x | R69: x | S69: x | T69: x | U69: 45529
A70: Azul | B70: x | C70: x | D70: ORO | E70: x | F70: x | G70: x | H70: BRONCE | I70: PLATA | J70: x | K70: x | L70: x | M70: x | N70: x | O70: x | P70: x | Q70: x | R70: x | S70: x | T70: x | U70: 45529
A71: Menos 1 reglas oficiales | B71: PLATA | C71: x | D71: x | E71: x | F71: ORO | G71: x | H71: x | I71: x | J71: BRONCE | K71: x | L71: x | M71: x | N71: x | O71: x | P71: x | Q71: x | R71: x | S71: x | T71: x | U71: 45529
A72: Baloncesto rey de la pista | B72: ORO | C72: x | D72: x | E72: x | F72: PLATA | G72: x | H72: x | I72: x | J72: BRONCE | K72: x | L72: x | M72: x | N72: x | O72: x | P72: x | Q72: x | R72: x | S72: x | T72: x | U72: 45529
A73: Frontón | B73: ORO | C73: x | D73: x | E73: BRONCE | F73: v | G73: PLATA | H73: x | I73: x | J73: v | K73: x | L73: x | M73: x | N73: x | O73: x | P73: x | Q73: x | R73: x | S73: v | T73: x | U73: 45529
A100: v | B100: {=SUM(IF(B2:B99="v",1))} -> 6 | C100: {=SUM(IF(C2:C99="v",1))} -> 0 | D100: {=SUM(IF(D2:D99="v",1))} -> 23 | E100: {=SUM(IF(E2:E99="v",1))} -> 0 | F100: {=SUM(IF(F2:F99="v",1))} -> 6 | G100: {=SUM(IF(G2:G99="v",1))} -> 12 | H100: {=SUM(IF(H2:H99="v",1))} -> 18 | I100: {=SUM(IF(I2:I99="v",1))} -> 19 | ... T100: {=SUM(IF(T2:T99="v",1))} -> 0 | U100: v
A101: x | B101: {=SUM(IF(B2:B99="x",1))} -> 15 | C101: {=SUM(IF(C2:C99="x",1))} -> 72 | D101: {=SUM(IF(D2:D99="x",1))} -> 12 | E101: {=SUM(IF(E2:E99="x",1))} -> 66 | F101: {=SUM(IF(F2:F99="x",1))} -> 1 | G101: {=SUM(IF(G2:G99="x",1))} -> 38 | H101: {=SUM(IF(H2:H99="x",1))} -> 22 | I101: {=SUM(IF(I2:I99="x",1))} -> 17 | ... T101: {=SUM(IF(T2:T99="x",1))} -> 72 | U101: x
A102: Participaciones | B102: =B100+B103+B104+B105 -> 57 | C102: =C100+C103+C104+C105 -> 0 | D102: =D100+D103+D104+D105 -> 60 | E102: =E100+E103+E104+E105 -> 6 | F102: =F100+F103+F104+F105 -> 71 | G102: =G100+G103+G104+G105 -> 34 | H102: =H100+H103+H104+H105 -> 50 | I102: =I100+I103+I104+I105 -> 55 | ... T102: =T100+T103+T104+T105 -> 0 | U102: Participaciones
A103: BRONCE | B103: {=SUM(IF(B$2:B$99=$A103,1))} -> 8 | C103: {=SUM(IF(C$2:C$99=$A103,1))} -> 0 | D103: {=SUM(IF(D$2:D$99=$A103,1))} -> 8 | E103: {=SUM(IF(E$2:E$99=$A103,1))} -> 3 | F103: {=SUM(IF(F$2:F$99=$A103,1))} -> 4 | G103: {=SUM(IF(G$2:G$99=$A103,1))} -> 3 | H103: {=SUM(IF(H$2:H$99=$A103,1))} -> 12 | I103: {=SUM(IF(I$2:I$99=$A103,1))} -> 8 | ... T103: {=SUM(IF(T$2:T$99=$A103,1))} -> 0 | U103: BRONCE
A104: PLATA | B104: {=SUM(IF(B$2:B$99=$A104,1))} -> 20 | C104: {=SUM(IF(C$2:C$99=$A104,1))} -> 0 | D104: {=SUM(IF(D$2:D$99=$A104,1))} -> 9 | E104: {=SUM(IF(E$2:E$99=$A104,1))} -> 1 | F104: {=SUM(IF(F$2:F$99=$A104,1))} -> 17 | G104: {=SUM(IF(G$2:G$99=$A104,1))} -> 16 | H104: {=SUM(IF(H$2:H$99=$A104,1))} -> 11 | I104: {=SUM(IF(I$2:I$99=$A104,1))} -> 19 | ... T104: {=SUM(IF(T$2:T$99=$A104,1))} -> 0 | U104: PLATA
A105: ORO | B105: {=SUM(IF(B$2:B$99=$A105,1))} -> 23 | C105: {=SUM(IF(C$2:C$99=$A105,1))} -> 0 | D105: {=SUM(IF(D$2:D$99=$A105,1))} -> 20 | E105: {=SUM(IF(E$2:E$99=$A105,1))} -> 2 | F105: {=SUM(IF(F$2:F$99=$A105,1))} -> 44 | G105: {=SUM(IF(G$2:G$99=$A105,1))} -> 3 | H105: {=SUM(IF(H$2:H$99=$A105,1))} -> 9 | I105: {=SUM(IF(I$2:I$99=$A105,1))} -> 9 | ... T105: {=SUM(IF(T$2:T$99=$A105,1))} -> 0 | U105: ORO
A106: Puntos | B106: =B103+B104*2+B105*3 -> 117 | C106: =C103+C104*2+C105*3 -> 0 | D106: =D103+D104*2+D105*3 -> 86 | E106: =E103+E104*2+E105*3 -> 11 | F106: =F103+F104*2+F105*3 -> 170 | G106: =G103+G104*2+G105*3 -> 44 | H106: =H103+H104*2+H105*3 -> 61 | I106: =I103+I104*2+I105*3 -> 73 | ... T106: =T103+T104*2+T105*3 -> 0 | U106: Puntos
A107: Promedio | B107: =IF(B100+B103+B104+B105<>0,B106/(B100+B103+B104+B105),0) -> 2.0526316 | C107: =IF(C100+C103+C104+C105<>0,C106/(C100+C103+C104+C105),0) -> 0 | D107: =IF(D100+D103+D104+D105<>0,D106/(D100+D103+D104+D105),0) -> 1.4333333 | E107: =IF(E100+E103+E104+E105<>0,E106/(E100+E103+E104+E105),0) -> 1.8333333 | F107: =IF(F100+F103+F104+F105<>0,F106/(F100+F103+F104+F105),0) -> 2.3943662 | G107: =IF(G100+G103+G104+G105<>0,G106/(G100+G103+G104+G105),0) -> 1.2941176 | H107: =IF(H100+H103+H104+H105<>0,H106/(H100+H103+H104+H105),0) -> 1.22 | I107: =IF(I100+I103+I104+I105<>0,I106/(I100+I103+I104+I105),0) -> 1.3272727 | ... T107: =IF(T100+T103+T104+T105<>0,T106/(T100+T103+T104+T105),0) -> 0 | U107: Promedio
A108: Nº medallas | B108: =B105+B104+B103 -> 51 | C108: =C105+C104+C103 -> 0 | D108: =D105+D104+D103 -> 37 | E108: =E105+E104+E103 -> 6 | F108: =F105+F104+F103 -> 65 | G108: =G105+G104+G103 -> 22 | H108: =H105+H104+H103 -> 32 | I108: =I105+I104+I103 -> 36 | ... T108: =T105+T104+T103 -> 0 | U108: Nº medallas
A109: Check | B109: =B102+B101 -> 72 | C109: =C102+C101 -> 72 | D109: =D102+D101 -> 72 | E109: =E102+E101 -> 72 | F109: =F102+F101 -> 72 | G109: =G102+G101 -> 72 | H109: =H102+H101 -> 72 | I109: =I102+I101 -> 72 | ... T109: =T102+T101 -> 72 | U109: Check
A111: Daypo | B111: =B106+G106+J106+I106 -> 329 | D111: Daypo adulto | E111: =B106+G106 -> 161 | G111: Daypo jóvenes | H111: =I106+J106 -> 168 | J111: participaciones | K111: =B102+G102+I102+J102 -> 216 | M111: promedio | N111: =B111/K111 -> 1.5231481
A112: Castrillo | B112: =C106+E106+H106+L106+M106 -> 82 | D112: Castrillo adulto | E112: =M106+L106 -> 10 | G112: Castrillo jóvenes | H112: =C106+E106+H106 -> 72 | J112: participaciones | K112: =C102+E102+H102+L102+M102 -> 66 | M112: promedio | N112: =B112/K112 -> 1.2424242
A113: Arroni Del Riego | B113: =D106+F106+K106+N106 -> 256 | D113: Del Riego adulto | E113: =K106+N106 -> 0 | G113: Del Riego jóvenes | H113: =D106+F106 -> 256 | J113: participaciones | K113: =D102+F102+K102+N102 -> 131 | M113: promedio | N113: =B113/K113 -> 1.9541985
B115: =B1 -> David | C115: =C1 -> Carlos | D115: =D1 -> Laura | E115: =E1 -> Jorge | F115: =F1 -> Sergio | G115: =G1 -> Poli | H115: =H1 -> Nuria | I115: =I1 -> Sara | ... R115: =R1 -> Antonio | S115: Camila | T115: Lucía
A117: Jóvenes | B117: =H111+H112+H113 -> 496 | E117: Adultos | F117: =E111+E112+E113 -> 171
A119: Campeón | B119: Sergio
A121: TOTAL | O121: abuelos | U121: TOTAL
A122: puntos | B122: ='2023'!B122+B106 -> 1191.75 | C122: ='2023'!C122+C106 -> 459.5 | D122: ='2023'!D122+D106 -> 518 | E122: ='2023'!E122+E106 -> 571.25 | F122: ='2023'!F122+F106 -> 1440.25 | G122: ='2023'!G122+G106 -> 407 | H122: ='2023'!H122+H106 -> 543.25 | I122: ='2023'!I122+I106 -> 662.5 | ... O122: ='2023'!O122+O106 -> 60.25 | P122: <---------------- | Q122: ='2023'!Q122+Q106 -> 48 | R122: ='2023'!R122+R106 -> 94 | S122: ='2023'!S122+S106 -> 18 | T122: ='2023'!T122+T106 -> 62 | U122: puntos
A124: victorias totales | B124: 3 | C124: 2 | D124: 0 | E124: 1 | F124: 11 | G124: 0 | H124: 0 | I124: 0 | J124: 0 | K124: 0 | L124: 0 | M124: 0 | N124: 0 | O124: 0 | P124: <---------------- | Q124: 0 | R124: 0 | S124: victorias totales
F125: (+1) en 2024
A126: total de pruebas desde 2009 | C126: ='2023'!C126+C109 -> 882
A128: 2024 | B128: David | C128: Carlos | D128: Laura | E128: Jorge | F128: Sergio | G128: Poli | H128: Nuria | I128: Sara | J128: Dario | K128: Pedro | L128: Inés | M128: Chema | N128: Maite | O128: Anuncia | P128: Roberto | Q128: Hana | R128: Antonio | S128: Camila | T128: Lucía | U128: =A128 -> 2024
A132: Adultos | B132: David, Inés, Pedro, Poli, Chema, Maite
A133: Jovenes | B133: Carlos, Laura, Jorge, Sergio, Sara, Dario, Nuria

Sheet 2025
A1: 2025 | B1: David | C1: Carlos | D1: Laura | E1: Jorge | F1: Sergio | G1: Poli | H1: Nuria | I1: Sara | J1: Dario | K1: Pedro | L1: Inés | M1: Chema | N1: Maite | O1: Anuncia | P1: Roberto | Q1: Hana | R1: Antonio | S1: Camila | T1: Lucía | U1: 2025
A2: Futbol | B2: ORO | F2: PLATA | G2: ORO | H2: PLATA | I2: PLATA | J2: ORO | U2: 45873
A3: Pañuelo | B3: PLATA | F3: ORO | G3: PLATA | I3: ORO | J3: ORO | U3: 45873
A4: Pañuelo 2 | B4: PLATA | F4: ORO | G4: PLATA | I4: ORO | J4: ORO | U4: 45873
A5: Call of Duty | B5: BRONCE | F5: ORO | J5: PLATA | U5: 45873
A6: Mario Kart | B6: BRONCE | F6: PLATA | I6: BRONCE | J6: ORO | U6: 45873
A7: República Bananera | B7: BRONCE | D7: ORO | E7: X | F7: PLATA | G7: X | H7: BRONCE | I7: V | J7: PLATA | K7: X | L7: X | M7: X | N7: X | O7: X | P7: X | Q7: X | R7: X | S7: X | T7: X | U7: 45874
A8: Burro sin movimiento | B8: PLATA | F8: ORO | I8: BRONCE | U8: 45874
A9: -1 | B9: ORO | F9: PLATA | I9: BRONCE | U9: 45874
A10: Gatitos explosivos | D10: BRONCE | F10: ORO | I10: ORO | J10: BRONCE | U10: 45874
A11: Frontón | B11: ORO | I11: PLATA | J11: BRONCE | U11: 45874
A12: Frontón parejas | B12: ORO | F12: ORO | G12: ORO | H12: ORO | I12: ORO | J12: ORO | U12: 45874
A13: -1 oficial | B13: PLATA | F13: ORO | I13: BRONCE | U13: 45874
A14: Gatitos explosivos | F14: ORO | H14: BRONCE | J14: PLATA | U14: 45875
A15: Catán | D15: PLATA | F15: ORO | H15: PLATA | U15: 45875
A16: Volley dos toques | B16: PLATA | F16: ORO | G16: PLATA | I16: ORO | J16: ORO | U16: 45875
A17: Volley tres toques | B17: ORO | F17: PLATA | G17: ORO | I17: PLATA | J17: PLATA | U17: 45875
A18: Call of Duty | B18: BRONCE | F18: ORO | J18: PLATA | U18: 45875
A19: Mario Kart | F19: ORO | H19: BRONCE | J19: PLATA | U19: 45875
A20: Polilla tramposa | D20: ORO | F20: PLATA | I20: BRONCE | U20: 45875
A21: Pueblo | D21: PLATA | G21: PLATA | H21: PLATA | I21: PLATA | J21: ORO | U21: 45875
A22: Quema | B22: ORO | D22: ORO | F22: PLATA | G22: ORO | H22: ORO | I22: PLATA | J22: PLATA | U22: 45875
A23: Mindbug | D23: ORO | F23: ORO | H23: PLATA | I23: ORO | J23: PLATA | U23: 45875
A24: Burritos locos | F24: ORO | H24: PLATA | J24: PLATA | U24: 45875
A25: Bingo boda Laura | J25: ORO | O25: ORO | T25: ORO
A26: Dardos | F26: PLATA | H26: PLATA | I26: ORO | U26: 45875
A27: Criquet | B27: PLATA | F27: BRONCE | G27: BRONCE | I27: ORO | U27: 45875
A28: Scythe | D28: PLATA | F28: ORO | H28: BRONCE | U28: 45875
A29: Encontrar anillo | P29: ORO | U29: 45875
A30: Badminton parejas | B30: PLATA | D30: ORO | F30: ORO | G30: PLATA | H30: ORO | I30: BRONCE | J30: BRONCE | U30: 45875
A31: Badminton | B31: PLATA | I31: PLATA | J31: ORO | U31: 45875
A32: Among us | D32: ORO | H32: BRONCE | I32: BRONCE | J32: ORO | U32: 45875
A33: Exploding kittens | F33: ORO | H33: ORO | I33: BRONCE | U33: 45875
A34: Azul | B34: PLATA | F34: BRONCE | G34: BRONCE | J34: ORO | U34: 45876
A35: Cortador de madera con hacha (diferente veta) | B35: PLATA | F35: ORO | J35: BRONCE | U35: 45876
A36: Cortador de madera con hacha (misma veta) | B36: ORO | F36: ORO | J36: BRONCE | U36: 45876
A37: Burro movimiento | B37: PLATA | F37: BRONCE | I37: ORO | U37: 45876
A38: Rugbyfrisbee | B38: PLATA | F38: ORO | G38: ORO | I38: PLATA | J38: PLATA | U38: 45876
A39: Volleyfrisbee | B39: BRONCE | F39: ORO | G39: PLATA | H39: BRONCE | I39: PLATA | J39: ORO | U39: 45876
A40: Trío | H40: BRONCE | I40: ORO | T40: ORO | U40: 45876
A41: Chess war | B41: ORO | D41: ORO | I41: PLATA | J41: ORO | U41: 45876
A42: Gatitos explosivos | F42: PLATA | H42: PLATA | I42: PLATA | J42: ORO | U42: 45876
A43: Mario Kart | B43: BRONCE | F43: ORO | J43: PLATA | U43: 45876
A44: Badminton | B44: ORO | F44: BRONCE | J44: PLATA | U44: 45877
A45: Dardos | B45: ORO | F45: PLATA | J45: PLATA | U45: 45877
A46: Lanzamiento de dardos | B46: ORO | F46: PLATA | J46: BRONCE | U46: 45877
A47: Lanzamiento de bola con lanzador | B47: BRONCE | D47: BRONCE | F47: ORO | G47: ORO | H47: BRONCE | I47: ORO | J47: ORO | U47: 45877
A48: Frisbee más lejos pareja | B48: PLATA | D48: PLATA | F48: ORO | G48: ORO | H48: PLATA | I48: BRONCE | J48: BRONCE | U48: 45878
A49: Frisbee arriesgado pareja | B49: PLATA | D49: PLATA | F49: BRONCE | G49: BRONCE | H49: PLATA | I49: ORO | J49: ORO | U49: 45878
A50: Mario Kart | D50: BRONCE | F50: ORO | J50: PLATA | U50: 45878
A51: Petanca | D51: PLATA | F51: PLATA | G51: PLATA | H51: ORO | U51: 45878
A52: Agrícola | D52: PLATA | F52: ORO | H52: BRONCE | I52: BRONCE | J52: ORO | T52: PLATA | U52: 45878
A53: Pases fresbee | B53: BRONCE | F53: ORO | J53: PLATA | U53: 45878
A54: Exploding kittens | F54: ORO | J54: PLATA | T54: PLATA | U54: 45878
A55: Little secret | B55: BRONCE | D55: PLATA | F55: BRONCE | G55: BRONCE | H55: BRONCE | I55: BRONCE | J55: BRONCE | T55: ORO | U55: 45878
A56: Volley trio | B56: PLATA | F56: ORO | G56: PLATA | I56: ORO | J56: PLATA | T56: ORO | U56: 45878
A57: Volley parejas | B57: ORO | F57: BRONCE | G57: ORO | I57: PLATA | J57: PLATA | T57: BRONCE | U57: 45878
A58: Burro fresbee | B58: BRONCE | F58: ORO | J58: PLATA | U58: 45878
A59: Little secret | E59: PLATA | F59: BRONCE | I59: BRONCE | S59: PLATA | T59: ORO | U59: 45878
A60: Sangre | B60: ORO | J60: PLATA | U60: 45878
A61: Volleyball 4 personas | B61: ORO | D61: PLATA | E61: PLATA | F61: ORO | G61: ORO | I61: PLATA | J61: PLATA | S61: PLATA | T61: ORO | U61: 45878
A62: Volley 3 vs 4 | B62: ORO | E62: PLATA | F62: PLATA | G62: ORO | I62: ORO | J62: PLATA | T62: ORO | U62: 45878
A63: Volley 3 vs 3 | B63: PLATA | E63: ORO | F63: ORO | G63: PLATA | J63: ORO | T63: PLATA | U63: 45878
A64: Trio | D64: BRONCE | F64: BRONCE | H64: ORO | I64: BRONCE | J64: ORO | T64: BRONCE | U64: 45878
A65: -1oficial | B65: PLATA | F65: ORO | J65: BRONCE | U65: 45878
A66: -1 oficial | B66: ORO | F66: ORO | J66: BRONCE | U66: 45878
A67: Mindbug | B67: ORO | F67: ORO | J67: ORO | U67: 45878
A68: Exploding kittens | D68: PLATA | F68: ORO | T68: PLATA | U68: 45878
A69: Fronton | B69: ORO | D69: BRONCE | F69: PLATA | U69: 45879
A70: Fronton | E70: BRONCE | F70: PLATA | I70: ORO
A71: -1 | B71: ORO | F71: PLATA | I71: BRONCE
A72: Mentiroso | B72: PLATA | H72: PLATA | J72: ORO
A100: v | B100: {=SUM(IF(B2:B99="v",1))} -> 0 | C100: {=SUM(IF(C2:C99="v",1))} -> 0 | D100: {=SUM(IF(D2:D99="v",1))} -> 0 | E100: {=SUM(IF(E2:E99="v",1))} -> 0 | F100: {=SUM(IF(F2:F99="v",1))} -> 0 | G100: {=SUM(IF(G2:G99="v",1))} -> 0 | H100: {=SUM(IF(H2:H99="v",1))} -> 0 | I100: {=SUM(IF(I2:I99="v",1))} -> 1 | ... T100: {=SUM(IF(T2:T99="v",1))} -> 0 | U100: v
A101: x | B101: {=SUM(IF(B2:B99="x",1))} -> 0 | C101: {=SUM(IF(C2:C99="x",1))} -> 0 | D101: {=SUM(IF(D2:D99="x",1))} -> 0 | E101: {=SUM(IF(E2:E99="x",1))} -> 1 | F101: {=SUM(IF(F2:F99="x",1))} -> 0 | G101: {=SUM(IF(G2:G99="x",1))} -> 1 | H101: {=SUM(IF(H2:H99="x",1))} -> 0 | I101: {=SUM(IF(I2:I99="x",1))} -> 0 | ... T101: {=SUM(IF(T2:T99="x",1))} -> 1 | U101: x
A102: Participaciones | B102: =B100+B103+B104+B105 -> 47 | C102: =C100+C103+C104+C105 -> 0 | D102: =D100+D103+D104+D105 -> 22 | E102: =E100+E103+E104+E105 -> 5 | F102: =F100+F103+F104+F105 -> 61 | G102: =G100+G103+G104+G105 -> 23 | H102: =H100+H103+H104+H105 -> 26 | I102: =I100+I103+I104+I105 -> 42 | ... T102: =T100+T103+T104+T105 -> 13 | U102: Participaciones
A103: BRONCE | B103: {=SUM(IF(B$2:B$99=$A103,1))} -> 10 | C103: {=SUM(IF(C$2:C$99=$A103,1))} -> 0 | D103: {=SUM(IF(D$2:D$99=$A103,1))} -> 5 | E103: {=SUM(IF(E$2:E$99=$A103,1))} -> 1 | F103: {=SUM(IF(F$2:F$99=$A103,1))} -> 9 | G103: {=SUM(IF(G$2:G$99=$A103,1))} -> 4 | H103: {=SUM(IF(H$2:H$99=$A103,1))} -> 10 | I103: {=SUM(IF(I$2:I$99=$A103,1))} -> 14 | ... T103: {=SUM(IF(T$2:T$99=$A103,1))} -> 2 | U103: BRONCE
A104: PLATA | B104: {=SUM(IF(B$2:B$99=$A104,1))} -> 18 | C104: {=SUM(IF(C$2:C$99=$A104,1))} -> 0 | D104: {=SUM(IF(D$2:D$99=$A104,1))} -> 10 | E104: {=SUM(IF(E$2:E$99=$A104,1))} -> 3 | F104: {=SUM(IF(F$2:F$99=$A104,1))} -> 16 | G104: {=SUM(IF(G$2:G$99=$A104,1))} -> 9 | H104: {=SUM(IF(H$2:H$99=$A104,1))} -> 10 | I104: {=SUM(IF(I$2:I$99=$A104,1))} -> 12 | ... T104: {=SUM(IF(T$2:T$99=$A104,1))} -> 4 | U104: PLATA
A105: ORO | B105: {=SUM(IF(B$2:B$99=$A105,1))} -> 19 | C105: {=SUM(IF(C$2:C$99=$A105,1))} -> 0 | D105: {=SUM(IF(D$2:D$99=$A105,1))} -> 7 | E105: {=SUM(IF(E$2:E$99=$A105,1))} -> 1 | F105: {=SUM(IF(F$2:F$99=$A105,1))} -> 36 | G105: {=SUM(IF(G$2:G$99=$A105,1))} -> 10 | H105: {=SUM(IF(H$2:H$99=$A105,1))} -> 6 | I105: {=SUM(IF(I$2:I$99=$A105,1))} -> 15 | ... T105: {=SUM(IF(T$2:T$99=$A105,1))} -> 7 | U105: ORO
A106: Puntos | B106: =B103+B104*2+B105*3 -> 103 | C106: =C103+C104*2+C105*3 -> 0 | D106: =D103+D104*2+D105*3 -> 46 | E106: =E103+E104*2+E105*3 -> 10 | F106: =F103+F104*2+F105*3 -> 149 | G106: =G103+G104*2+G105*3 -> 52 | H106: =H103+H104*2+H105*3 -> 48 | I106: =I103+I104*2+I105*3 -> 83 | ... T106: =T103+T104*2+T105*3 -> 31 | U106: Puntos
A107: Promedio | B107: =IF(B100+B103+B104+B105<>0,B106/(B100+B103+B104+B105),0) -> 2.1914894 | C107: =IF(C100+C103+C104+C105<>0,C106/(C100+C103+C104+C105),0) -> 0 | D107: =IF(D100+D103+D104+D105<>0,D106/(D100+D103+D104+D105),0) -> 2.0909091 | E107: =IF(E100+E103+E104+E105<>0,E106/(E100+E103+E104+E105),0) -> 2 | F107: =IF(F100+F103+F104+F105<>0,F106/(F100+F103+F104+F105),0) -> 2.442623 | G107: =IF(G100+G103+G104+G105<>0,G106/(G100+G103+G104+G105),0) -> 2.2608696 | H107: =IF(H100+H103+H104+H105<>0,H106/(H100+H103+H104+H105),0) -> 1.8461538 | I107: =IF(I100+I103+I104+I105<>0,I106/(I100+I103+I104+I105),0) -> 1.9761905 | ... T107: =IF(T100+T103+T104+T105<>0,T106/(T100+T103+T104+T105),0) -> 2.3846154 | U107: Promedio
A108: Nº medallas | B108: =B105+B104+B103 -> 47 | C108: =C105+C104+C103 -> 0 | D108: =D105+D104+D103 -> 22 | E108: =E105+E104+E103 -> 5 | F108: =F105+F104+F103 -> 61 | G108: =G105+G104+G103 -> 23 | H108: =H105+H104+H103 -> 26 | I108: =I105+I104+I103 -> 41 | ... T108: =T105+T104+T103 -> 13 | U108: Nº medallas
A109: Check | B109: =B102+B101 -> 47 | C109: =C102+C101 -> 0 | D109: =D102+D101 -> 22 | E109: =E102+E101 -> 6 | F109: =F102+F101 -> 61 | G109: =G102+G101 -> 24 | H109: =H102+H101 -> 26 | I109: =I102+I101 -> 42 | ... T109: =T102+T101 -> 14 | U109: Check
A111: Daypo | B111: =B106+G106+J106+I106 -> 355 | D111: Daypo adulto | E111: =B106+G106 -> 155 | G111: Daypo jóvenes | H111: =I106+J106 -> 200 | J111: participaciones | K111: =B102+G102+I102+J102 -> 165 | M111: promedio | N111: =B111/K111 -> 2.1515152
A112: Castrillo | B112: =C106+E106+H106+L106+M106 -> 58 | D112: Castrillo adulto | E112: =M106+L106 -> 0 | G112: Castrillo jóvenes | H112: =C106+E106+H106 -> 58 | J112: participaciones | K112: =C102+E102+H102+L102+M102 -> 31 | M112: promedio | N112: =B112/K112 -> 1.8709677
A113: Arroni Del Riego | B113: =D106+F106+K106+N106 -> 195 | D113: Del Riego adulto | E113: =K106+N106 -> 0 | G113: Del Riego jóvenes | H113: =D106+F106 -> 195 | J113: participaciones | K113: =D102+F102+K102+N102 -> 83 | M113: promedio | N113: =B113/K113 -> 2.3493976
B115: =B1 -> David | C115: =C1 -> Carlos | D115: =D1 -> Laura | E115: =E1 -> Jorge | F115: =F1 -> Sergio | G115: =G1 -> Poli | H115: =H1 -> Nuria | I115: =I1 -> Sara | ... R115: =R1 -> Antonio | S115: Camila | T115: Lucía
A117: Jóvenes | B117: =H111+H112+H113 -> 453 | E117: Adultos | F117: =E111+E112+E113 -> 155
A119: Campeón | B119: Sergio
A121: TOTAL | O121: abuelos | U121: TOTAL
A122: puntos | B122: ='2024'!B122+B106 -> 1294.75 | C122: ='2024'!C122+C106 -> 459.5 | D122: ='2024'!D122+D106 -> 564 | E122: ='2024'!E122+E106 -> 581.25 | F122: ='2024'!F122+F106 -> 1589.25 | G122: ='2024'!G122+G106 -> 459 | H122: ='2024'!H122+H106 -> 591.25 | I122: ='2024'!I122+I106 -> 745.5 | ... O122: ='2024'!O122+O106 -> 63.25 | P122: <---------------- | Q122: ='2024'!Q122+Q106 -> 48 | R122: ='2024'!R122+R106 -> 94 | S122: ='2024'!S122+S106 -> 22 | T122: ='2024'!T122+T106 -> 93 | U122: puntos
A124: victorias totales | B124: 3 | C124: 2 | D124: 0 | E124: 1 | F124: 12 | G124: 0 | H124: 0 | I124: 0 | J124: 0 | K124: 0 | L124: 0 | M124: 0 | N124: 0 | O124: 0 | P124: <---------------- | Q124: 0 | R124: 0 | S124: victorias totales
F125: (+1) en 2025
A126: total de pruebas desde 2009 | C126: ='2023'!C126+C109 -> 810
A128: 2025 | B128: David | C128: Carlos | D128: Laura | E128: Jorge | F128: Sergio | G128: Poli | H128: Nuria | I128: Sara | J128: Dario | K128: Pedro | L128: Inés | M128: Chema | N128: Maite | O128: Anuncia | P128: Roberto | Q128: Hana | R128: Antonio | S128: Camila | T128: Lucía | U128: 2025
A132: Adultos | B132: David, Inés, Pedro, Poli, Chema, Maite
A133: Jovenes | B133: Carlos, Laura, Jorge, Sergio, Sara, Dario, Nuria

Sheet CATAN
A1: CATAN | B1: David | C1: Carlos | D1: Laura | E1: Jorge | F1: Sergio | G1: Poli | H1: Nuria | I1: Sara | J1: Dario | K1: Pedro | L1: Inés | M1: Chema | N1: Maite | O1: Anuncia | P1: Roberto | Q1: Hana | R1: Antonio | S1: Camila | T1: Lucía | U1: =A1 -> CATAN
A2: 2025
A3: Catán | D3: PLATA | F3: ORO | H3: PLATA | U3: 45875
A4: 2024
A5: Catán | B5: ORO | C5: x | D5: BRONCE | E5: x | F5: BRONCE | G5: PLATA | H5: v | I5: PLATA | J5: BRONCE | K5: x | L5: x | M5: x | N5: x | O5: x | P5: x | Q5: x | R5: x | S5: x | T5: x
A6: Catán | B6: PLATA | C6: x | D6: ORO | E6: x | F6: ORO | G6: PLATA | H6: BRONCE | I6: BRONCE | J6: PLATA | K6: x | L6: BRONCE | M6: x | N6: x | O6: x | P6: x | Q6: x | R6: x | S6: x | T6: x
A7: 2023
A8: Catán | B8: PLATA | C8: x | D8: ORO | F8: PLATA | H8: ORO | T8: PLATA
A9: Catán | B9: PLATA | C9: PLATA | D9: PLATA | F9: ORO | J9: PLATA | Q9: PLATA | R9: PLATA | T9: ORO
A10: 2022
A11: Catán | B11: BRONCE | C11: x | D11: x | E11: PLATA | F11: ORO | G11: BRONCE | H11: BRONCE | I11: v | J11: v | K11: BRONCE | M11: x | N11: x | Q11: x | R11: x | S11: PLATA
A12: Catán | B12: PLATA | C12: x | D12: x | F12: ORO | I12: v | J12: BRONCE | M12: x | N12: x | Q12: x | R12: x
A13: 2021
A14: Catán | B14: PLATA | C14: BRONCE | D14: x | E14: x | F14: v | G14: v | H14: ORO | I14: v | J14: v | K14: x | L14: ORO | M14: x | N14: x | O14: x | P14: x | Q14: BRONCE | R14: x
A15: Catán | B15: PLATA | C15: x | D15: x | E15: x | F15: ORO | G15: v | H15: PLATA | I15: PLATA | J15: ORO | K15: x | L15: PLATA | M15: x | N15: x | O15: x | P15: x | Q15: x | R15: x
A16: 2019
A17: Catán | B17: PLATA | C17: x | D17: x | E17: x | F17: PLATA | G17: x | H17: v | I17: ORO | J17: v | K17: x | L17: x | M17: x | N17: x | O17: x | P17: x | Q17: x | R17: x
A18: Catán | B18: v | C18: x | D18: x | E18: x | F18: ORO | G18: x | H18: BRONCE | I18: x | J18: v | K18: PLATA | L18: x | M18: x | N18: x | O18: x | P18: x | Q18: x | R18: x
A19: 2018
A20: Catán | B20: PLATA | C20: v | D20: x | E20: v | F20: BRONCE | G20: x | H20: v | I20: ORO | J20: v | K20: x | L20: x | M20: x | N20: x | O20: x | P20: x | Q20: x
A21: Catán | B21: PLATA | C21: x | D21: x | E21: x | F21: ORO | G21: x | H21: PLATA | I21: v | J21: v | K21: x | L21: x | M21: x | N21: x | O21: x | P21: x | Q21: x
A22: Catán | B22: ORO | C22: BRONCE | D22: x | E22: x | F22: BRONCE | G22: x | H22: v | I22: v | J22: PLATA | K22: x | L22: x | M22: x | N22: x | O22: v | P22: v | Q22: x
A23: 2017
A24: Catán | B24: BRONCE | C24: x | D24: x | E24: BRONCE | F24: PLATA | G24: x | H24: v | I24: ORO | J24: v | K24: x | L24: x | M24: x | N24: x | O24: x | P24: x | Q24: x
A25: 2016
A26: Catán | B26: ORO | C26: x | D26: x | E26: x | F26: x | G26: BRONCE | H26: x | I26: PLATA | J26: BRONCE | K26: x | L26: x | M26: x | N26: x | O26: PLATA | P26: x | Q26: x
A27: Catán | B27: ORO | C27: v | D27: v | E27: v | F27: BRONCE | G27: x | H27: PLATA | I27: PLATA | J27: BRONCE | K27: x | L27: x | M27: x | N27: x | O27: x | P27: x | Q27: v
A28: Catán | B28: PLATA | C28: v | D28: ORO | E28: BRONCE | F28: v | G28: x | H28: v | I28: v | J28: v | K28: ORO | L28: x | M28: x | N28: x | O28: x | P28: x | Q28: x
A29: Catán | B29: ORO | C29: x | D29: x | E29: PLATA | F29: BRONCE | G29: v | H29: BRONCE | I29: v | J29: BRONCE | K29: x | L29: BRONCE | M29: x | N29: x | O29: x | P29: x | Q29: x
A30: Catán | B30: PLATA | C30: x | D30: x | E30: v | F30: ORO | G30: PLATA | H30: BRONCE | I30: PLATA | J30: x | K30: x | L30: v | M30: x | N30: x | O30: x | P30: x | Q30: x
A31: 2015
A32: Catán | B32: v | C32: x | D32: ORO | E32: x | F32: BRONCE | G32: PLATA | I32: BRONCE | M32: x | N32: x
A33: Catán | B33: v | C33: x | D33: ORO | E33: x | F33: PLATA | H33: BRONCE | M33: x | N33: x
A34: 2014
A35: catán | B35: ORO | C35: PLATA | D35: v | E35: BRONCE | F35: v | G35: ORO | H35: v | I35: v | J35: ORO | K35: x | L35: v | M35: x | N35: x | O35: x | P35: x
A36: catán | B36: v | C36: v | D36: PLATA | E36: ORO | F36: v | G36: v | H36: PLATA | I36: v | J36: x | K36: x | L36: PLATA | M36: x | N36: x | O36: x | P36: x
A37: 2013
A38: Catán | B38: v | C38: PLATA | D38: x | E38: v | F38: ORO | G38: v | H38: v | I38: x | J38: v | K38: PLATA | L38: x | M38: v | N38: x | O38: x | P38: x
A39: Catán | B39: BRONCE | C39: v | D39: x | E39: v | F39: PLATA | G39: x | H39: v | I39: v | J39: x | K39: x | L39: x | M39: ORO | N39: x | O39: x | P39: x
A40: Catán | B40: v | C40: ORO | D40: x | E40: BRONCE | F40: BRONCE | G40: x | H40: x | I40: ORO | J40: x | K40: x | L40: x | M40: v | N40: x | O40: x | P40: x
A41: Catán | B41: PLATA | C41: PLATA | D41: x | E41: ORO | F41: v | G41: x | H41: v | I41: v | J41: v | K41: x | L41: x | M41: x | N41: x | O41: x | P41: x
A42: 2012
A43: Catán | B43: ORO | C43: PLATA | D43: BRONCE | E43: BRONCE | F43: v | G43: v | H43: x | I43: x | J43: x | K43: x | L43: v | M43: x | N43: x | O43: x | P43: x
A44: Catán | B44: v | C44: v | D44: v | E44: v | F44: ORO | G44: BRONCE | H44: x | I44: x | J44: x | K44: PLATA | L44: x | M44: x | N44: x | O44: x | P44: x
A45: 2011
A46: Catán | B46: ORO | C46: x | D46: PLATA | E46: x | F46: BRONCE | G46: v | H46: x | I46: x | J46: x | K46: x | L46: x | M46: x | N46: x | O46: BRONCE | P46: x
A47: Catán | B47: BRONCE | C47: BRONCE | D47: v | E47: BRONCE | F47: PLATA | G47: ORO | H47: x | I47: x | J47: x | K47: x | L47: x | M47: x | N47: x | O47: x | P47: x
A48: Catán | B48: v | C48: ORO | D48: v | E48: v | F48: BRONCE | G48: PLATA | H48: x | I48: x | J48: x | K48: x | L48: x | M48: x | N48: x | O48: x | P48: x
A49: Catán | B49: PLATA | C49: ORO | D49: v | E49: v | F49: BRONCE | G49: v | H49: x | I49: x | J49: x | K49: BRONCE | L49: x | M49: x | N49: x | O49: x | P49: x
A50: Catán | B50: PLATA | C50: BRONCE | D50: v | E50: ORO | F50: v | G50: PLATA | H50: x | I50: x | J50: x | K50: BRONCE | L50: x | M50: x | N50: x | O50: x | P50: x
A51: Catán | B51: v | C51: PLATA | D51: ORO | E51: v | F51: v | G51: PLATA | H51: x | I51: x | J51: x | K51: x | L51: x | M51: x | N51: x | O51: x | P51: x
A52: Catán | B52: PLATA | C52: ORO | D52: BRONCE | E52: BRONCE | F52: v | G52: v | H52: x | I52: x | J52: x | K52: x | L52: x | M52: x | N52: x | O52: x | P52: x
A53: 2010
A54: Catán | B54: PLATA | C54: BRONCE | D54: ORO | E54: v | F54: PLATA | G54: ORO | H54: x | I54: x | J54: x | K54: x | L54: v | M54: v | N54: x | O54: x
A55: Catán | B55: v | C55: ORO | D55: v | E55: PLATA | F55: v | G55: v | H55: x | I55: x | J55: x | K55: x | L55: v | M55: PLATA | N55: x | O55: x
A56: Catán | B56: PLATA | C56: v | D56: ORO | E56: BRONCE | F56: BRONCE | G56: ORO | H56: x | I56: x | J56: x | K56: x | L56: x | M56: x | N56: x | O56: x
A57: Catán | B57: PLATA | C57: BRONCE | D57: BRONCE | E57: BRONCE | F57: ORO | G57: BRONCE | H57: x | I57: x | J57: x | K57: x | L57: x | M57: x | N57: x | O57: x
A58: Catán | B58: ORO | C58: v | D58: BRONCE | E58: v | F58: v | G58: BRONCE | H58: x | I58: x | J58: x | K58: PLATA | L58: x | M58: x | N58: x | O58: x
A59: Catán | B59: ORO | C59: v | D59: BRONCE | E59: PLATA | F59: PLATA | G59: BRONCE | H59: x | I59: x | J59: x | K59: v | L59: x | M59: x | N59: x | O59: x
A60: Catán | B60: PLATA | C60: v | D60: ORO | E60: BRONCE | F60: BRONCE | G60: ORO | H60: x | I60: x | J60: x | K60: x | L60: x | M60: x | N60: x | O60: x
A61: 2009
A62: C. Catán-1 | B62: PLATA | F62: PLATA | G62: BRONCE | L62: ORO
A63: C.Catán-2 | B63: PLATA | C63: ORO | F63: PLATA | G63: BRONCE
A64: C.Catán 3º | B64: PLATA | C64: BRONCE | F64: PLATA | G64: ORO | L64: BRONCE
A65: C.Catán 4º | B65: PLATA | C65: ORO | E65: BRONCE
A66: C.Catán 5º | B66: PLATA | D66: BRONCE | E66: BRONCE | G66: BRONCE | L66: BRONCE
A67: C.Catán 6º | B67: PLATA | C67: ORO | F67: PLATA | G67: BRONCE
A68: C.Catán 7º | B68: ORO | C68: PLATA | D68: BRONCE
A74: PUNTUACIONES TOTALES SOLAMENTE DEL CATÁN
A75: v | B75: {=SUM(IF(B4:B74="v",1))} -> 10 | C75: {=SUM(IF(C4:C74="v",1))} -> 10 | D75: {=SUM(IF(D4:D74="v",1))} -> 8 | E75: {=SUM(IF(E4:E74="v",1))} -> 11 | F75: {=SUM(IF(F4:F74="v",1))} -> 11 | G75: {=SUM(IF(G4:G74="v",1))} -> 10 | H75: {=SUM(IF(H4:H74="v",1))} -> 10 | I75: {=SUM(IF(I8:I74="v",1))} -> 11 | J75: {=SUM(IF(J4:J74="v",1))} -> 10 | K75: {=SUM(IF(K4:K74="v",1))} -> 1 | L75: {=SUM(IF(L4:L74="v",1))} -> 5 | M75: {=SUM(IF(M8:M74="v",1))} -> 3 | N75: {=SUM(IF(N8:N74="v",1))} -> 0 | O75: {=SUM(IF(O8:O74="v",1))} -> 1 | P75: {=SUM(IF(P8:P74="v",1))} -> 1 | Q75: {=SUM(IF(Q8:Q74="v",1))} -> 1 | R75: {=SUM(IF(R8:R74="v",1))} -> 0 | S75: {=SUM(IF(S8:S74="v",1))} -> 0 | T75: {=SUM(IF(T8:T74="v",1))} -> 0 | U75: v
A76: x | B76: {=SUM(IF(B4:B74="x",1))} -> 0 | C76: {=SUM(IF(C4:C74="x",1))} -> 16 | D76: {=SUM(IF(D4:D74="x",1))} -> 17 | E76: {=SUM(IF(E4:E74="x",1))} -> 12 | F76: {=SUM(IF(F4:F74="x",1))} -> 1 | G76: {=SUM(IF(G4:G74="x",1))} -> 11 | H76: {=SUM(IF(H4:H74="x",1))} -> 18 | I76: {=SUM(IF(I8:I74="x",1))} -> 18 | J76: {=SUM(IF(J4:J74="x",1))} -> 20 | K76: {=SUM(IF(K4:K74="x",1))} -> 29 | L76: {=SUM(IF(L4:L74="x",1))} -> 27 | M76: {=SUM(IF(M8:M74="x",1))} -> 34 | N76: {=SUM(IF(N8:N74="x",1))} -> 39 | O76: {=SUM(IF(O8:O74="x",1))} -> 32 | P76: {=SUM(IF(P8:P74="x",1))} -> 27 | Q76: {=SUM(IF(Q8:Q74="x",1))} -> 13 | R76: {=SUM(IF(R8:R74="x",1))} -> 6 | S76: {=SUM(IF(S8:S74="x",1))} -> 0 | T76: {=SUM(IF(T8:T74="x",1))} -> 0 | U76: x
A77: Participaciones | B77: =B75+B78+B79+B80 -> 50 | C77: =C75+C78+C79+C80 -> 32 | D77: =D75+D78+D79+D80 -> 28 | E77: =E75+E78+E79+E80 -> 30 | F77: =F75+F78+F79+F80 -> 46 | G77: =G75+G78+G79+G80 -> 33 | H77: =H75+H78+H79+H80 -> 22 | I77: =I75+I78+I79+I80 -> 22 | ... T77: =T75+T78+T79+T80 -> 2 | U77: Participaciones
A78: BRONCE | B78: {=SUM(IF(B$4:B$74=$A78,1))} -> 4 | C78: {=SUM(IF(C$4:C$74=$A78,1))} -> 7 | D78: {=SUM(IF(D$4:D$74=$A78,1))} -> 8 | E78: {=SUM(IF(E$4:E$74=$A78,1))} -> 12 | F78: {=SUM(IF(F$4:F$74=$A78,1))} -> 12 | G78: {=SUM(IF(G$4:G$74=$A78,1))} -> 10 | H78: {=SUM(IF(H$4:H$74=$A78,1))} -> 6 | I78: {=SUM(IF(I$4:I$74=$A78,1))} -> 2 | ... L78: {=SUM(IF(L$4:L$74=$A78,1))} -> 4 | M78: {=SUM(IF(M$8:M$74=$A78,1))} -> 0 | N78: {=SUM(IF(N$8:N$74=$A78,1))} -> 0 | O78: {=SUM(IF(O$8:O$74=$A78,1))} -> 1 | P78: {=SUM(IF(P$8:P$74=$A78,1))} -> 0 | Q78: {=SUM(IF(Q$8:Q$74=$A78,1))} -> 1 | R78: {=SUM(IF(R$8:R$74=$A78,1))} -> 0 | S78: {=SUM(IF(S$8:S$74=$A78,1))} -> 0 | T78: {=SUM(IF(T$8:T$74=$A78,1))} -> 0 | U78: BRONCE
A79: PLATA | B79: {=SUM(IF(B$4:B$74=$A79,1))} -> 25 | C79: {=SUM(IF(C$4:C$74=$A79,1))} -> 7 | D79: {=SUM(IF(D$4:D$74=$A79,1))} -> 3 | E79: {=SUM(IF(E$4:E$74=$A79,1))} -> 4 | F79: {=SUM(IF(F$4:F$74=$A79,1))} -> 12 | G79: {=SUM(IF(G$4:G$74=$A79,1))} -> 7 | H79: {=SUM(IF(H$4:H$74=$A79,1))} -> 4 | I79: {=SUM(IF(I$4:I$74=$A79,1))} -> 5 | ... L79: {=SUM(IF(L$4:L$74=$A79,1))} -> 2 | M79: {=SUM(IF(M$8:M$74=$A79,1))} -> 1 | N79: {=SUM(IF(N$8:N$74=$A79,1))} -> 0 | O79: {=SUM(IF(O$8:O$74=$A79,1))} -> 1 | P79: {=SUM(IF(P$8:P$74=$A79,1))} -> 0 | Q79: {=SUM(IF(Q$8:Q$74=$A79,1))} -> 1 | R79: {=SUM(IF(R$8:R$74=$A79,1))} -> 1 | S79: {=SUM(IF(S$8:S$74=$A79,1))} -> 1 | T79: {=SUM(IF(T$8:T$74=$A79,1))} -> 1 | U79: PLATA
A80: ORO | B80: {=SUM(IF(B$4:B$74=$A80,1))} -> 11 | C80: {=SUM(IF(C$4:C$74=$A80,1))} -> 8 | D80: {=SUM(IF(D$4:D$74=$A80,1))} -> 9 | E80: {=SUM(IF(E$4:E$74=$A80,1))} -> 3 | F80: {=SUM(IF(F$4:F$74=$A80,1))} -> 11 | G80: {=SUM(IF(G$4:G$74=$A80,1))} -> 6 | H80: {=SUM(IF(H$4:H$74=$A80,1))} -> 2 | I80: {=SUM(IF(I$4:I$74=$A80,1))} -> 4 | ... L80: {=SUM(IF(L$4:L$74=$A80,1))} -> 2 | M80: {=SUM(IF(M$8:M$74=$A80,1))} -> 1 | N80: {=SUM(IF(N$8:N$74=$A80,1))} -> 0 | O80: {=SUM(IF(O$8:O$74=$A80,1))} -> 0 | P80: {=SUM(IF(P$8:P$74=$A80,1))} -> 0 | Q80: {=SUM(IF(Q$8:Q$74=$A80,1))} -> 0 | R80: {=SUM(IF(R$8:R$74=$A80,1))} -> 0 | S80: {=SUM(IF(S$8:S$74=$A80,1))} -> 0 | T80: {=SUM(IF(T$8:T$74=$A80,1))} -> 1 | U80: ORO
A81: Puntos | B81: =B78+B79*2+B80*3 -> 87 | C81: =C78+C79*2+C80*3 -> 45 | D81: =D78+D79*2+D80*3 -> 41 | E81: =E78+E79*2+E80*3 -> 29 | F81: =F78+F79*2+F80*3 -> 69 | G81: =G78+G79*2+G80*3 -> 42 | H81: =H78+H79*2+H80*3 -> 20 | I81: =I78+I79*2+I80*3 -> 24 | ... T81: =T78+T79*2+T80*3 -> 5 | U81: Puntos
A82: Promedio | B82: =IF(B75+B78+B79+B80<>0,B81/(B75+B78+B79+B80),0) -> 1.74 | C82: =IF(C75+C78+C79+C80<>0,C81/(C75+C78+C79+C80),0) -> 1.40625 | D82: =IF(D75+D78+D79+D80<>0,D81/(D75+D78+D79+D80),0) -> 1.4642857 | E82: =IF(E75+E78+E79+E80<>0,E81/(E75+E78+E79+E80),0) -> 0.96666667 | F82: =IF(F75+F78+F79+F80<>0,F81/(F75+F78+F79+F80),0) -> 1.5 | G82: =IF(G75+G78+G79+G80<>0,G81/(G75+G78+G79+G80),0) -> 1.2727273 | H82: =IF(H75+H78+H79+H80<>0,H81/(H75+H78+H79+H80),0) -> 0.90909091 | I82: =IF(I75+I78+I79+I80<>0,I81/(I75+I78+I79+I80),0) -> 1.0909091 | ... T82: =IF(T75+T78+T79+T80<>0,T81/(T75+T78+T79+T80),0) -> 2.5 | U82: Promedio
A83: Nº medallas | B83: =B80+B79+B78 -> 40 | C83: =C80+C79+C78 -> 22 | D83: =D80+D79+D78 -> 20 | E83: =E80+E79+E78 -> 19 | F83: =F80+F79+F78 -> 35 | G83: =G80+G79+G78 -> 23 | H83: =H80+H79+H78 -> 12 | I83: =I80+I79+I78 -> 11 | ... T83: =T80+T79+T78 -> 2 | U83: Nº medallas
A84: Check | B84: =B77+B76 -> 50 | C84: =C77+C76 -> 48 | D84: =D77+D76 -> 45 | E84: =E77+E76 -> 42 | F84: =F77+F76 -> 47 | G84: =G77+G76 -> 44 | H84: =H77+H76 -> 40 | I84: =I77+I76 -> 40 | ... T84: =T77+T76 -> 2 | U84: Check
A86: PUNTUACIONES TOTALES SOLAMENTE DEL CATÁN

Sheet RESULTADOS
A1: Total | B1: David | C1: Carlos | D1: Laura | E1: Jorge | F1: Sergio | G1: Poli | H1: Nuria | I1: Sara | J1: Dario | K1: Pedro | L1: Inés | M1: Chema | N1: Maite | O1: Anuncia | P1: Roberto | Q1: Hana | R1: Antonio | S1: Camila | T1: Lucía | U1: Otros (Annie...) | V1: =A1 -> Total
A2: Puntos totales | B2: ='2024'!B122 -> 1191.75 | C2: ='2024'!C122 -> 459.5 | D2: ='2024'!D122 -> 518 | E2: ='2024'!E122 -> 571.25 | F2: ='2024'!F122 -> 1440.25 | G2: ='2024'!G122 -> 407 | H2: ='2024'!H122 -> 543.25 | I2: ='2024'!I122 -> 662.5 | ... O2: ='2024'!O122 -> 60.25 | P2: ='2022'!P122 -> <---------------- | Q2: ='2024'!Q122 -> 48 | R2: ='2024'!R122 -> 94 | S2: ='2024'!S122 -> 18 | T2: ='2024'!T122 -> 62 | U2: 0
A4: Total de pruebas | B4: ='2023'!C126 -> 810
A5: victorias totales | B5: 3 | C5: 2 | D5: 0 | E5: 1 | F5: 11 | G5: 0 | H5: 0 | I5: 0 | J5: 0 | K5: 0 | L5: 0 | M5: 0 | N5: 0 | O5: 0 | P5: <---------------- | Q5: 0 | R5: 0 | S5: 0 | T5: 0 | U5: 0 | V5: victorias totales
A6: Actualizado a | B6: 2024
A8: Total medallas
A10: ORO | B10: ='2024'!B105+'2023'!B105+'2022'!B105+'2021'!B105+'2019'!B105+'2018'!B105+'2017'!B105+'2016'!B105+'2015'!B102+'2014'!B105+'2013'!B105+'2012'!B105+'2011'!B105+'2010'!B82 -> 247 | C10: ='2024'!C105+'2023'!C105+'2022'!C105+'2021'!C105+'2019'!C105+'2018'!C105+'2017'!C105+'2016'!C105+'2015'!C102+'2014'!C105+'2013'!C105+'2012'!C105+'2011'!C105+'2010'!C82 -> 70 | D10: ='2024'!D105+'2023'!D105+'2022'!D105+'2021'!D105+'2019'!D105+'2018'!D105+'2017'!D105+'2016'!D105+'2015'!D102+'2014'!D105+'2013'!D105+'2012'!D105+'2011'!D105+'2010'!D82 -> 102 | E10: ='2024'!E105+'2023'!E105+'2022'!E105+'2021'!E105+'2019'!E105+'2018'!E105+'2017'!E105+'2016'!E105+'2015'!E102+'2014'!E105+'2013'!E105+'2012'!E105+'2011'!E105+'2010'!E82 -> 109 | F10: ='2024'!F105+'2023'!F105+'2022'!F105+'2021'!F105+'2019'!F105+'2018'!F105+'2017'!F105+'2016'!F105+'2015'!F102+'2014'!F105+'2013'!F105+'2012'!F105+'2011'!F105+'2010'!F82 -> 303 | G10: ='2024'!G105+'2023'!G105+'2022'!G105+'2021'!G105+'2019'!G105+'2018'!G105+'2017'!G105+'2016'!G105+'2015'!G102+'2014'!G105+'2013'!G105+'2012'!G105+'2011'!G105+'2010'!G82 -> 66 | H10: ='2024'!H105+'2023'!H105+'2022'!H105+'2021'!H105+'2019'!H105+'2018'!H105+'2017'!H105+'2016'!H105+'2015'!H102+'2014'!H105+'2013'!H105+'2012'!H105+'2011'!H105+'2010'!H82 -> 88 | I10: ='2024'!I105+'2023'!I105+'2022'!I105+'2021'!I105+'2019'!I105+'2018'!I105+'2017'!I105+'2016'!I105+'2015'!I102+'2014'!I105+'2013'!I105+'2012'!I105+'2011'!I105+'2010'!I82 -> 122 | ... P10: ='2024'!P105+'2023'!P105+'2022'!P105+'2021'!P105+'2019'!P105+'2018'!P105+'2017'!P105+'2016'!P105+'2015'!P102+'2014'!P105+'2013'!P105+'2012'!P105+'2011'!P105+'2010'!P82 -> 0 | Q10: ='2024'!Q105+'2023'!Q105+'2022'!Q105+'2021'!Q105+'2019'!Q105+'2018'!Q105+'2017'!Q105+'2016'!Q105 -> 9 | R10: ='2024'!R105+'2023'!R105+'2022'!R105+'2021'!R105+'2019'!R105 -> 20 | S10: ='2024'!S105+'2023'!S105+'2022'!S105 -> 3 | T10: ='2024'!T105+'2023'!T105 -> 11 | U10: 0
A11: PLATA | B11: ='2024'!B104+'2023'!B104+'2022'!B104+'2021'!B104+'2019'!B104+'2018'!B104+'2017'!B104+'2016'!B104+'2015'!B101+'2014'!B104+'2013'!B104+'2012'!B104+'2011'!B104+'2010'!B81 -> 172 | C11: ='2024'!C104+'2023'!C104+'2022'!C104+'2021'!C104+'2019'!C104+'2018'!C104+'2017'!C104+'2016'!C104+'2015'!C101+'2014'!C104+'2013'!C104+'2012'!C104+'2011'!C104+'2010'!C81 -> 88 | D11: ='2024'!D104+'2023'!D104+'2022'!D104+'2021'!D104+'2019'!D104+'2018'!D104+'2017'!D104+'2016'!D104+'2015'!D101+'2014'!D104+'2013'!D104+'2012'!D104+'2011'!D104+'2010'!D81 -> 72 | E11: ='2024'!E104+'2023'!E104+'2022'!E104+'2021'!E104+'2019'!E104+'2018'!E104+'2017'!E104+'2016'!E104+'2015'!E101+'2014'!E104+'2013'!E104+'2012'!E104+'2011'!E104+'2010'!E81 -> 73 | F11: ='2024'!F104+'2023'!F104+'2022'!F104+'2021'!F104+'2019'!F104+'2018'!F104+'2017'!F104+'2016'!F104+'2015'!F101+'2014'!F104+'2013'!F104+'2012'!F104+'2011'!F104+'2010'!F81 -> 199 | G11: ='2024'!G104+'2023'!G104+'2022'!G104+'2021'!G104+'2019'!G104+'2018'!G104+'2017'!G104+'2016'!G104+'2015'!G101+'2014'!G104+'2013'!G104+'2012'!G104+'2011'!G104+'2010'!G81 -> 77 | H11: ='2024'!H104+'2023'!H104+'2022'!H104+'2021'!H104+'2019'!H104+'2018'!H104+'2017'!H104+'2016'!H104+'2015'!H101+'2014'!H104+'2013'!H104+'2012'!H104+'2011'!H104+'2010'!H81 -> 101 | I11: ='2024'!I104+'2023'!I104+'2022'!I104+'2021'!I104+'2019'!I104+'2018'!I104+'2017'!I104+'2016'!I104+'2015'!I101+'2014'!I104+'2013'!I104+'2012'!I104+'2011'!I104+'2010'!I81 -> 114 | ... P11: ='2024'!P104+'2023'!P104+'2022'!P104+'2021'!P104+'2019'!P104+'2018'!P104+'2017'!P104+'2016'!P104+'2015'!P101+'2014'!P104+'2013'!P104+'2012'!P104+'2011'!P104+'2010'!P81 -> 1 | Q11: ='2024'!Q104+'2023'!Q104+'2022'!Q104+'2021'!Q104+'2019'!Q104+'2018'!Q104+'2017'!Q104+'2016'!Q104 -> 8 | R11: ='2024'!R104+'2023'!R104+'2022'!R104+'2021'!R104+'2019'!R104 -> 13 | S11: ='2024'!S104+'2023'!S104+'2022'!S104 -> 4 | T11: ='2024'!T104+'2023'!T104 -> 11 | U11: 0
